Area,Latitude,Longitude,Orders
House #1,12.966832,77.573806,1
House #2,12.931698,77.577067,1
House #3,12.925371,77.585133,1
House #4,12.990032,77.567544,1
House #5,12.985009,77.638298,1
House #6,12.98147,77.583368,1
House #7,12.977144,77.594353,1
House #8,12.980861,77.603448,1
House #9,12.981881,77.646979,1
House #10,12.936975,77.627901,1
House #11,12.967949,77.650191,1
House #12,13.00286,77.600241,1
House #13,12.995069,77.58486,1
House #14,12.941093,77.57194,1
House #15,12.923049,77.5715,1
House #16,12.997242,77.580445,1
House #17,12.962157,77.568971,1
House #18,12.978721,77.583485,1
House #19,12.941386,77.592577,1
House #20,12.974323,77.591565,1
House #21,12.985443,77.582183,1
House #22,12.964915,77.570408,1
House #23,12.958434,77.645653,1
House #24,12.987904,77.554494,1
House #25,12.998574,77.568687,1
House #26,13.017788,77.542523,1
House #27,13.005783,77.572195,1
House #28,13.004416,77.60794,1
House #29,12.977394,77.631316,1
House #30,12.947065,77.584272,1
House #31,12.954598,77.565115,1
House #32,12.960097,77.591083,1
House #33,12.981378,77.63487,1
House #34,12.969462,77.630771,1
House #35,13.026017,77.584858,1
House #36,12.98883,77.651997,1
House #37,12.95988,77.56372,1
House #38,12.959357,77.631082,1
House #39,12.996183,77.639959,1
House #40,12.989865,77.574242,1
House #41,12.994834,77.56081,1
House #42,12.973144,77.564539,1
House #43,12.986566,77.625566,1
House #44,12.992455,77.554924,1
House #45,12.982594,77.640082,1
House #46,12.949912,77.640435,1
House #47,12.990624,77.649959,1
House #48,12.968074,77.594101,1
House #49,12.913769,77.606183,1
House #50,12.98793,77.549167,1
House #51,12.992908,77.532827,1
House #52,13.005275,77.591717,1
House #53,12.965303,77.569507,1
House #54,12.994583,77.567762,1
House #55,12.984427,77.666222,1
House #56,12.997741,77.558835,1
House #57,12.98391,77.579967,1
House #58,12.968675,77.566346,1
House #59,12.993256,77.65384,1
House #60,12.969585,77.632776,1
House #61,12.995519,77.576555,1
House #62,12.912519,77.566381,1
House #63,12.993125,77.55532,1
House #64,12.993725,77.577666,1
House #65,12.959899,77.548246,1
House #66,12.973162,77.577365,1
House #67,12.970311,77.573834,1
House #68,13.017388,77.658571,1
House #69,12.954321,77.650439,1
House #70,12.961835,77.575945,1
House #71,12.960955,77.584788,1
House #72,12.939315,77.546219,1
House #73,12.97111,77.580847,1
House #74,12.965845,77.585046,1
House #75,12.960006,77.576673,1
House #76,12.96996,77.571217,1
House #77,12.945934,77.595867,1
House #78,12.965836,77.586537,1
House #79,12.964629,77.54867,1
House #80,12.984596,77.560839,1
House #81,12.997473,77.577265,1
House #82,12.910026,77.592921,1
House #83,12.971143,77.658417,1
House #84,12.975367,77.577213,1
House #85,12.912721,77.563264,1
House #86,12.971927,77.569553,1
House #87,12.938089,77.611378,1
House #88,12.957046,77.584337,1
House #89,12.968616,77.556328,1
House #90,12.970565,77.559838,1
House #91,12.953595,77.573023,1
House #92,12.985434,77.660511,1
House #93,12.985012,77.645383,1
House #94,12.987999,77.588169,1
House #95,12.95757,77.595282,1
House #96,12.971467,77.572435,1
House #97,12.947128,77.553904,1
House #98,12.977305,77.587788,1
House #99,13.011496,77.636182,1
House #100,12.91371,77.60323,1
House #101,13.011232,77.565891,1
House #102,12.997306,77.572667,1
House #103,12.996416,77.55243,1
House #104,12.958348,77.567159,1
House #105,12.999503,77.569489,1
House #106,12.979171,77.576983,1
House #107,12.967624,77.549564,1
House #108,12.942868,77.561593,1
House #109,13.021796,77.581634,1
House #110,12.970898,77.636857,1
House #111,12.992105,77.620054,1
House #112,12.935932,77.593923,1
House #113,12.980975,77.585778,1
House #114,12.950014,77.579602,1
House #115,12.921188,77.573914,1
House #116,12.998598,77.575808,1
House #117,12.980435,77.572071,1
House #118,12.983932,77.577234,1
House #119,12.978231,77.62905,1
House #120,12.973309,77.649993,1
House #121,12.925363,77.5945,1
House #122,12.936663,77.548502,1
House #123,12.977697,77.559981,1
House #124,13.005246,77.543162,1
House #125,12.994473,77.550879,1
House #126,12.962872,77.544728,1
House #127,12.968466,77.662036,1
House #128,13.0144,77.568656,1
House #129,12.998992,77.588862,1
House #130,12.938576,77.576375,1
House #131,12.939488,77.5682,1
House #132,12.913685,77.583515,1
House #133,12.922938,77.593859,1
House #134,12.947433,77.544244,1
House #135,12.976091,77.551687,1
House #136,12.965312,77.560898,1
House #137,12.932458,77.571817,1
House #138,12.945282,77.567934,1
House #139,12.975332,77.662072,1
House #140,13.003274,77.605849,1
House #141,12.930284,77.613995,1
House #142,12.928346,77.604447,1
House #143,12.968423,77.55989,1
House #144,12.978637,77.578267,1
House #145,12.966105,77.555522,1
House #146,12.99889,77.545505,1
House #147,12.980601,77.58278,1
House #148,12.943328,77.547847,1
House #149,12.980707,77.627917,1
House #150,12.969557,77.648284,1
House #151,12.987196,77.620273,1
House #152,12.966246,77.586496,1
House #153,12.960707,77.566797,1
House #154,12.969848,77.642821,1
House #155,13.003419,77.551755,1
House #156,12.972658,77.570146,1
House #157,12.947748,77.575301,1
House #158,12.978117,77.58467,1
House #159,12.959158,77.566373,1
House #160,12.977342,77.570363,1
House #161,12.987943,77.57237,1
House #162,12.987007,77.585292,1
House #163,12.986916,77.582,1
House #164,12.951322,77.563229,1
House #165,12.980955,77.582526,1
House #166,12.976638,77.625502,1
House #167,13.003476,77.628023,1
House #168,12.979056,77.557707,1
House #169,12.928077,77.566918,1
House #170,13.023788,77.567005,1
House #171,12.984941,77.577248,1
House #172,12.915099,77.570293,1
House #173,12.977901,77.582566,1
House #174,12.960637,77.644158,1
House #175,12.957834,77.532912,1
House #176,12.948335,77.593454,1
House #177,12.97776,77.631677,1
House #178,12.92766,77.545028,1
House #179,12.980068,77.649702,1
House #180,12.969781,77.538199,1
House #181,12.978185,77.588107,1
House #182,12.989443,77.566088,1
House #183,12.977881,77.621921,1
House #184,12.983451,77.582535,1
House #185,12.938501,77.582675,1
House #186,12.980638,77.65057,1
House #187,13.009212,77.652355,1
House #188,12.957759,77.595809,1
House #189,12.996642,77.562191,1
House #190,12.986749,77.636694,1
House #191,12.994377,77.551976,1
House #192,13.015251,77.583529,1
House #193,12.938584,77.531315,1
House #194,12.982512,77.611769,1
House #195,12.979547,77.578645,1
House #196,12.948524,77.585445,1
House #197,12.971237,77.581278,1
House #198,12.974455,77.637439,1
House #199,12.984502,77.583424,1
House #200,13.003961,77.546055,1
House #201,13.006099,77.578591,1
House #202,12.964722,77.5884,1
House #203,12.961321,77.587126,1
House #204,13.002679,77.560738,1
House #205,12.999532,77.584165,1
House #206,12.990552,77.595148,1
House #207,12.964904,77.574241,1
House #208,12.980868,77.582742,1
House #209,12.992729,77.57177,1
House #210,12.995652,77.567411,1
House #211,12.953197,77.65603,1
House #212,12.934297,77.595162,1
House #213,12.980067,77.649136,1
House #214,12.932828,77.572464,1
House #215,12.970805,77.643987,1
House #216,12.928072,77.552717,1
House #217,12.97984,77.654053,1
House #218,12.927908,77.566775,1
House #219,12.972241,77.571833,1
House #220,12.92979,77.593315,1
House #221,12.974592,77.632532,1
House #222,12.967765,77.58875,1
House #223,13.009889,77.594668,1
House #224,12.983235,77.576217,1
House #225,12.974396,77.619694,1
House #226,12.957115,77.58538,1
House #227,12.950718,77.571102,1
House #228,12.974903,77.601635,1
House #229,12.963609,77.592725,1
House #230,12.985564,77.587321,1
House #231,12.958385,77.558484,1
House #232,12.969556,77.562544,1
House #233,13.013989,77.58417,1
House #234,12.97489,77.565473,1
House #235,12.974908,77.625539,1
House #236,12.97425,77.58398,1
House #237,12.926788,77.589541,1
House #238,12.9494,77.579936,1
House #239,12.996556,77.576154,1
House #240,12.96939,77.576426,1
House #241,13.027847,77.586107,1
House #242,12.99003,77.576079,1
House #243,12.938661,77.57022,1
House #244,12.996204,77.558225,1
House #245,12.999718,77.595813,1
House #246,12.959827,77.603739,1
House #247,13.007382,77.587693,1
House #248,12.949232,77.574444,1
House #249,12.971546,77.567328,1
House #250,12.976447,77.578518,1
House #251,12.990603,77.555334,1
House #252,12.973923,77.563692,1
House #253,12.961469,77.671584,1
House #254,13.010851,77.596305,1
House #255,12.963259,77.554765,1
House #256,12.966903,77.63488,1
House #257,12.983161,77.66165,1
House #258,12.921012,77.567103,1
House #259,12.98218,77.633811,1
House #260,12.996452,77.56095,1
House #261,12.984398,77.580523,1
House #262,12.989676,77.574182,1
House #263,13.016289,77.541289,1
House #264,12.930903,77.582489,1
House #265,12.991478,77.566639,1
House #266,12.991698,77.579612,1
House #267,12.971621,77.564597,1
House #268,12.990077,77.569594,1
House #269,13.0191,77.557166,1
House #270,12.977998,77.648585,1
House #271,12.921504,77.599856,1
House #272,12.961624,77.664079,1
House #273,12.943043,77.616078,1
House #274,12.982352,77.563281,1
House #275,12.988624,77.638769,1
House #276,12.939175,77.579149,1
House #277,12.996268,77.636034,1
House #278,12.966061,77.564467,1
House #279,12.948317,77.547471,1
House #280,12.974297,77.596121,1
House #281,12.92808,77.561748,1
House #282,12.954705,77.653569,1
House #283,12.996544,77.598429,1
House #284,12.984051,77.588855,1
House #285,12.942223,77.568865,1
House #286,12.965359,77.566847,1
House #287,12.961347,77.552751,1
House #288,12.957449,77.583395,1
House #289,12.977155,77.580053,1
House #290,12.968331,77.660815,1
House #291,12.958138,77.649359,1
House #292,12.99328,77.579767,1
House #293,12.979959,77.597644,1
House #294,12.982461,77.569075,1
House #295,13.0027,77.57461,1
House #296,12.930037,77.57276,1
House #297,13.014767,77.561499,1
House #298,12.994698,77.581436,1
House #299,12.914094,77.591452,1
House #300,12.926595,77.571711,1
House #301,12.980779,77.56213,1
House #302,12.920189,77.582774,1
House #303,12.988408,77.643959,1
House #304,12.983176,77.647681,1
House #305,12.989723,77.57462,1
House #306,13.004674,77.561758,1
House #307,13.003182,77.56303,1
House #308,12.941929,77.590356,1
House #309,12.972804,77.590828,1
House #310,13.013243,77.568554,1
House #311,12.94794,77.610915,1
House #312,12.974296,77.667978,1
House #313,12.973704,77.570426,1
House #314,12.984473,77.628904,1
House #315,12.962254,77.592235,1
House #316,12.975278,77.588971,1
House #317,12.966809,77.564247,1
House #318,12.925651,77.571421,1
House #319,12.914222,77.568601,1
House #320,12.972037,77.580253,1
House #321,12.969358,77.550227,1
House #322,12.917953,77.581552,1
House #323,12.964007,77.641524,1
House #324,12.986669,77.657439,1
House #325,12.969021,77.629357,1
House #326,12.965827,77.629098,1
House #327,12.986743,77.56851,1
House #328,12.97892,77.570952,1
House #329,13.008209,77.610007,1
House #330,13.007879,77.565938,1
House #331,12.968502,77.606229,1
House #332,12.978141,77.593636,1
House #333,12.925534,77.584324,1
House #334,12.922164,77.565661,1
House #335,12.956259,77.625043,1
House #336,12.971235,77.55333,1
House #337,12.953466,77.611971,1
House #338,12.981258,77.622329,1
House #339,12.971024,77.563187,1
House #340,12.954097,77.564922,1
House #341,12.955325,77.654082,1
House #342,12.997725,77.575937,1
House #343,12.961851,77.555977,1
House #344,12.995697,77.594768,1
House #345,12.991455,77.563822,1
House #346,12.967893,77.607655,1
House #347,12.980923,77.635773,1
House #348,12.96777,77.556891,1
House #349,12.978002,77.562161,1
House #350,13.013651,77.576122,1
House #351,12.982148,77.649965,1
House #352,12.96367,77.606462,1
House #353,13.002409,77.59074,1
House #354,12.965329,77.572409,1
House #355,12.93617,77.566627,1
House #356,12.939468,77.594214,1
House #357,12.956222,77.55328,1
House #358,12.96121,77.581478,1
House #359,12.989193,77.66632,1
House #360,12.948444,77.592234,1
House #361,12.986358,77.571333,1
House #362,12.960232,77.551524,1
House #363,12.959667,77.624832,1
House #364,12.967548,77.652292,1
House #365,12.962058,77.577349,1
House #366,12.94907,77.562654,1
House #367,12.982246,77.605732,1
House #368,12.919856,77.578496,1
House #369,12.978922,77.603078,1
House #370,12.974045,77.618621,1
House #371,12.93696,77.590157,1
House #372,12.954668,77.602731,1
House #373,13.000742,77.528934,1
House #374,12.990269,77.59426,1
House #375,13.013773,77.54826,1
House #376,12.981059,77.561926,1
House #377,12.995123,77.579352,1
House #378,12.988775,77.594523,1
House #379,13.000454,77.550094,1
House #380,12.975938,77.618672,1
House #381,12.989394,77.573774,1
House #382,12.993882,77.663822,1
House #383,13.002753,77.582193,1
House #384,12.999894,77.600864,1
House #385,12.977071,77.597494,1
House #386,12.978952,77.649883,1
House #387,13.003262,77.573581,1
House #388,12.987746,77.533064,1
House #389,12.950673,77.630432,1
House #390,13.001652,77.559123,1
House #391,12.981768,77.565425,1
House #392,12.999771,77.596476,1
House #393,12.990511,77.634591,1
House #394,12.953602,77.62838,1
House #395,12.930313,77.551124,1
House #396,12.971096,77.589507,1
House #397,12.965446,77.579974,1
House #398,12.979877,77.64251,1
House #399,12.96297,77.599754,1
House #400,13.006565,77.560711,1
House #401,12.93689,77.600483,1
House #402,12.969627,77.551406,1
House #403,12.981459,77.639881,1
House #404,12.933635,77.568886,1
House #405,12.949546,77.584238,1
House #406,12.935277,77.584895,1
House #407,13.016357,77.582126,1
House #408,13.037766,77.562145,1
House #409,12.946073,77.562239,1
House #410,12.929266,77.577674,1
House #411,12.96188,77.646743,1
House #412,12.977064,77.578289,1
House #413,12.967611,77.588966,1
House #414,12.939276,77.551466,1
House #415,12.96979,77.575997,1
House #416,12.916482,77.598418,1
House #417,12.92797,77.557348,1
House #418,12.97378,77.571137,1
House #419,12.979871,77.54357,1
House #420,13.000195,77.562787,1
House #421,12.972319,77.653548,1
House #422,12.997814,77.569925,1
House #423,12.993747,77.56952,1
House #424,12.927128,77.597406,1
House #425,12.931119,77.551862,1
House #426,12.911292,77.582905,1
House #427,13.035391,77.55915,1
House #428,12.967973,77.659315,1
House #429,12.967296,77.634006,1
House #430,12.930096,77.570557,1
House #431,12.959205,77.571997,1
House #432,12.983291,77.592963,1
House #433,12.999697,77.550169,1
House #434,12.991713,77.633498,1
House #435,12.96732,77.589046,1
House #436,12.955241,77.639761,1
House #437,12.92802,77.58286,1
House #438,12.943035,77.525843,1
House #439,12.952266,77.583056,1
House #440,12.984324,77.568461,1
House #441,12.963522,77.561433,1
House #442,12.963175,77.596653,1
House #443,12.923319,77.573422,1
House #444,12.989485,77.561398,1
House #445,12.929339,77.573928,1
House #446,12.987819,77.584267,1
House #447,12.95108,77.625584,1
House #448,12.979649,77.644926,1
House #449,12.983257,77.57903,1
House #450,12.963808,77.558931,1
House #451,12.980679,77.637265,1
House #452,12.965119,77.595663,1
House #453,12.921103,77.574097,1
House #454,12.982124,77.550891,1
House #455,12.970403,77.560838,1
House #456,12.984937,77.552326,1
House #457,12.971437,77.576946,1
House #458,13.010243,77.557205,1
House #459,12.919793,77.587559,1
House #460,12.987037,77.572085,1
House #461,12.951977,77.571346,1
House #462,12.997799,77.584656,1
House #463,12.963215,77.633642,1
House #464,12.963189,77.638468,1
House #465,12.964204,77.590052,1
House #466,12.994037,77.564181,1
House #467,12.950908,77.578695,1
House #468,12.978031,77.59364,1
House #469,12.974772,77.638726,1
House #470,12.936672,77.594289,1
House #471,13.00586,77.586132,1
House #472,12.989402,77.6246,1
House #473,12.979857,77.56979,1
House #474,12.935873,77.581473,1
House #475,12.980002,77.639477,1
House #476,12.920662,77.586256,1
House #477,13.015038,77.571074,1
House #478,12.982504,77.581625,1
House #479,12.975002,77.558718,1
House #480,12.926258,77.559512,1
House #481,12.96379,77.614028,1
House #482,12.94325,77.570731,1
House #483,13.002379,77.560461,1
House #484,12.980989,77.59541,1
House #485,12.983659,77.556357,1
House #486,12.936588,77.604527,1
House #487,12.991486,77.567314,1
House #488,12.955043,77.620576,1
House #489,12.950121,77.620841,1
House #490,12.977012,77.573553,1
House #491,12.957888,77.592978,1
House #492,12.935978,77.578616,1
House #493,12.921873,77.604051,1
House #494,12.966639,77.660223,1
House #495,13.009156,77.569392,1
House #496,12.964567,77.547267,1
House #497,12.952977,77.592236,1
House #498,13.023223,77.579003,1
House #499,12.953836,77.559776,1
House #500,12.981721,77.590421,1
House #501,13.004929,77.574847,1
House #502,12.986015,77.588175,1
House #503,12.991922,77.542956,1
House #504,12.947221,77.571574,1
House #505,13.013029,77.573276,1
House #506,12.992226,77.646222,1
House #507,12.982801,77.58182,1
House #508,12.963591,77.586631,1
House #509,12.913304,77.566536,1
House #510,12.972203,77.571021,1
House #511,13.003426,77.55556,1
House #512,12.94149,77.571207,1
House #513,12.988644,77.642202,1
House #514,12.990536,77.576784,1
House #515,12.988125,77.583948,1
House #516,12.992629,77.597941,1
House #517,12.952305,77.579046,1
House #518,13.010231,77.586765,1
House #519,13.017246,77.55769,1
House #520,12.9935,77.588397,1
House #521,12.964554,77.573525,1
House #522,12.973684,77.551306,1
House #523,12.974853,77.570105,1
House #524,12.968401,77.643205,1
House #525,12.9803,77.576438,1
House #526,12.988207,77.628281,1
House #527,12.973251,77.579462,1
House #528,12.979634,77.542752,1
House #529,12.97226,77.621677,1
House #530,12.923251,77.58466,1
House #531,12.967175,77.573067,1
House #532,12.973371,77.560155,1
House #533,12.911865,77.6038,1
House #534,12.972743,77.568585,1
House #535,12.920113,77.570307,1
House #536,12.952149,77.559435,1
House #537,12.949503,77.587255,1
House #538,12.975533,77.562815,1
House #539,12.994832,77.601572,1
House #540,12.973941,77.577523,1
House #541,12.985569,77.57074,1
House #542,12.997571,77.571959,1
House #543,12.945301,77.612185,1
House #544,12.99425,77.578621,1
House #545,12.996562,77.64257,1
House #546,12.973757,77.57589,1
House #547,12.972135,77.636188,1
House #548,12.974222,77.642966,1
House #549,12.997054,77.629163,1
House #550,12.914345,77.571357,1
House #551,12.956352,77.569323,1
House #552,12.986755,77.565313,1
House #553,12.984716,77.607595,1
House #554,12.935949,77.546371,1
House #555,12.979738,77.564964,1
House #556,12.938427,77.61058,1
House #557,12.920393,77.578026,1
House #558,12.977781,77.563218,1
House #559,12.972872,77.665885,1
House #560,12.990037,77.579814,1
House #561,12.972596,77.628966,1
House #562,13.01828,77.571764,1
House #563,13.002922,77.595481,1
House #564,12.941107,77.608077,1
House #565,12.98323,77.562255,1
House #566,13.010461,77.585165,1
House #567,12.990996,77.562153,1
House #568,12.963433,77.557364,1
House #569,12.998877,77.569911,1
House #570,12.977337,77.617578,1
House #571,12.968052,77.585879,1
House #572,13.015038,77.56917,1
House #573,12.952904,77.638503,1
House #574,12.924826,77.617847,1
House #575,13.009062,77.553266,1
House #576,12.959371,77.581934,1
House #577,12.984427,77.581933,1
House #578,12.950005,77.578378,1
House #579,12.991529,77.595416,1
House #580,12.986546,77.587404,1
House #581,12.919251,77.566925,1
House #582,13.007338,77.547495,1
House #583,12.968275,77.638188,1
House #584,12.997381,77.585444,1
House #585,12.987968,77.59319,1
House #586,12.918485,77.58537,1
House #587,13.018961,77.591994,1
House #588,13.016898,77.611198,1
House #589,12.986066,77.637959,1
House #590,12.955453,77.626182,1
House #591,12.938711,77.574833,1
House #592,13.004812,77.570995,1
House #593,12.95333,77.576508,1
House #594,12.957135,77.621741,1
House #595,13.008721,77.571935,1
House #596,13.027372,77.54176,1
House #597,12.978363,77.567069,1
House #598,12.998738,77.571833,1
House #599,12.971304,77.630212,1
House #600,13.005352,77.589596,1
House #601,12.984485,77.574437,1
House #602,12.962924,77.621416,1
House #603,12.981147,77.585042,1
House #604,12.98794,77.575461,1
House #605,12.94214,77.575106,1
House #606,12.919063,77.596769,1
House #607,12.994077,77.569684,1
House #608,12.981059,77.637573,1
House #609,12.913434,77.567454,1
House #610,12.985017,77.647673,1
House #611,13.015307,77.552394,1
House #612,12.93877,77.589639,1
House #613,12.983596,77.565637,1
House #614,12.967958,77.605648,1
House #615,12.981094,77.573584,1
House #616,12.984083,77.566967,1
House #617,12.978672,77.545769,1
House #618,13.007378,77.635255,1
House #619,12.987644,77.575556,1
House #620,12.947806,77.651985,1
House #621,12.922468,77.563195,1
House #622,13.008947,77.54552,1
House #623,12.998333,77.636448,1
House #624,12.997665,77.575409,1
House #625,12.98918,77.602988,1
House #626,12.915954,77.606312,1
House #627,12.928199,77.569678,1
House #628,12.973215,77.555595,1
House #629,12.998282,77.574117,1
House #630,12.978664,77.636752,1
House #631,13.016363,77.643074,1
House #632,13.015449,77.553875,1
House #633,12.996445,77.585488,1
House #634,12.933503,77.578885,1
House #635,12.981308,77.618042,1
House #636,12.939225,77.589122,1
House #637,12.996893,77.657145,1
House #638,12.981327,77.630988,1
House #639,12.985734,77.559549,1
House #640,12.972421,77.547154,1
House #641,12.966747,77.55098,1
House #642,12.998993,77.565548,1
House #643,12.952711,77.586881,1
House #644,12.967751,77.646727,1
House #645,12.926743,77.603833,1
House #646,12.989147,77.561601,1
House #647,12.98004,77.52634,1
House #648,12.994967,77.564317,1
House #649,12.972541,77.554146,1
House #650,12.977913,77.563575,1
House #651,12.936143,77.568613,1
House #652,12.999382,77.57507,1
House #653,12.979305,77.601095,1
House #654,13.000696,77.565579,1
House #655,13.001363,77.5925,1
House #656,12.981677,77.579807,1
House #657,13.014262,77.573614,1
House #658,12.991097,77.552035,1
House #659,12.97131,77.559344,1
House #660,12.965507,77.609867,1
House #661,12.983985,77.570229,1
House #662,13.018757,77.60784,1
House #663,13.020168,77.579324,1
House #664,12.961493,77.575749,1
House #665,12.924105,77.559306,1
House #666,12.95843,77.57971,1
House #667,12.983852,77.592382,1
House #668,12.985457,77.577045,1
House #669,12.922303,77.578439,1
House #670,12.97298,77.566701,1
House #671,12.933434,77.570431,1
House #672,12.9158,77.603568,1
House #673,12.961924,77.583059,1
House #674,12.980708,77.635095,1
House #675,12.986967,77.623036,1
House #676,12.979275,77.604492,1
House #677,12.988502,77.547077,1
House #678,13.009824,77.585306,1
House #679,12.929394,77.567537,1
House #680,12.992609,77.568393,1
House #681,12.982013,77.591533,1
House #682,13.007035,77.588132,1
House #683,12.985367,77.596799,1
House #684,12.997025,77.635641,1
House #685,12.997714,77.673512,1
House #686,12.949358,77.577133,1
House #687,12.965019,77.589357,1
House #688,12.981636,77.574047,1
House #689,12.987623,77.64943,1
House #690,12.978586,77.601717,1
House #691,12.997134,77.579289,1
House #692,12.939175,77.591967,1
House #693,12.978167,77.640913,1
House #694,12.966117,77.629319,1
House #695,12.916233,77.57839,1
House #696,12.976202,77.631198,1
House #697,13.014066,77.553849,1
House #698,13.018676,77.538668,1
House #699,12.97195,77.620779,1
House #700,12.980556,77.567919,1
House #701,12.980031,77.608175,1
House #702,12.969051,77.574368,1
House #703,12.911682,77.586147,1
House #704,12.965213,77.645097,1
House #705,12.997115,77.568092,1
House #706,12.980222,77.628773,1
House #707,13.001475,77.563805,1
House #708,12.959058,77.573964,1
House #709,12.972228,77.569144,1
House #710,12.963092,77.648524,1
House #711,12.989986,77.583043,1
House #712,12.956441,77.56532,1
House #713,12.989168,77.650854,1
House #714,12.930215,77.619572,1
House #715,12.988334,77.560373,1
House #716,13.020134,77.593661,1
House #717,13.005097,77.653951,1
House #718,12.979144,77.563598,1
House #719,13.003121,77.590339,1
House #720,12.910746,77.565658,1
House #721,12.968992,77.647105,1
House #722,12.980457,77.584021,1
House #723,12.956701,77.64312,1
House #724,12.942301,77.555621,1
House #725,12.972087,77.563327,1
House #726,12.98128,77.583453,1
House #727,12.978085,77.55532,1
House #728,13.004703,77.581633,1
House #729,12.975208,77.56522,1
House #730,13.033816,77.560312,1
House #731,12.973478,77.563141,1
House #732,12.989964,77.571418,1
House #733,12.971068,77.641276,1
House #734,13.001233,77.552835,1
House #735,12.985732,77.598685,1
House #736,13.001411,77.585693,1
House #737,13.006046,77.553211,1
House #738,12.927248,77.56122,1
House #739,12.930658,77.575838,1
House #740,12.993026,77.541247,1
House #741,12.943944,77.616657,1
House #742,12.924062,77.558253,1
House #743,12.993564,77.632337,1
House #744,12.993253,77.584076,1
House #745,12.978985,77.590127,1
House #746,12.990707,77.583136,1
House #747,12.960763,77.571381,1
House #748,12.97046,77.57477,1
House #749,12.990529,77.591107,1
House #750,12.984574,77.575192,1
House #751,13.002003,77.548453,1
House #752,12.929259,77.586964,1
House #753,12.964698,77.63637,1
House #754,12.955345,77.57228,1
House #755,12.96596,77.58469,1
House #756,13.014274,77.574576,1
House #757,12.937916,77.648442,1
House #758,12.964904,77.568228,1
House #759,12.989811,77.580086,1
House #760,12.936736,77.582929,1
House #761,12.939603,77.570003,1
House #762,13.012077,77.56107,1
House #763,12.927098,77.58303,1
House #764,12.997044,77.596945,1
House #765,12.964946,77.575909,1
House #766,12.988727,77.575124,1
House #767,12.976827,77.587882,1
House #768,12.992258,77.558768,1
House #769,12.967542,77.547624,1
House #770,12.984645,77.556689,1
House #771,12.97075,77.654219,1
House #772,12.956588,77.559298,1
House #773,12.976692,77.559289,1
House #774,12.975061,77.626551,1
House #775,12.974705,77.57669,1
House #776,13.034386,77.571622,1
House #777,12.92347,77.601602,1
House #778,12.943116,77.564686,1
House #779,12.985145,77.666373,1
House #780,12.971144,77.57003,1
House #781,12.963103,77.568287,1
House #782,12.989832,77.569539,1
House #783,12.999648,77.644248,1
House #784,12.965464,77.557256,1
House #785,12.98401,77.566803,1
House #786,12.940342,77.647862,1
House #787,12.958282,77.656888,1
House #788,12.92285,77.593917,1
House #789,12.966153,77.571466,1
House #790,12.967028,77.573813,1
House #791,12.926023,77.571556,1
House #792,12.965749,77.579173,1
House #793,12.955869,77.60475,1
House #794,12.979634,77.583584,1
House #795,12.996127,77.590535,1
House #796,12.949946,77.5492,1
House #797,13.001348,77.579543,1
House #798,12.92683,77.569482,1
House #799,12.98728,77.618109,1
House #800,12.989544,77.581394,1
House #801,13.010412,77.577087,1
House #802,12.932469,77.616891,1
House #803,12.993751,77.570137,1
House #804,12.992265,77.58882,1
House #805,12.914244,77.580129,1
House #806,12.91218,77.566933,1
House #807,13.001495,77.548857,1
House #808,12.939688,77.575174,1
House #809,12.983857,77.652489,1
House #810,12.969836,77.636311,1
House #811,12.996293,77.630118,1
House #812,12.99602,77.666555,1
House #813,12.920785,77.554563,1
House #814,12.978941,77.58263,1
House #815,12.999731,77.565189,1
House #816,12.97185,77.583659,1
House #817,12.971922,77.577108,1
House #818,12.97828,77.628242,1
House #819,12.92563,77.566721,1
House #820,13.000367,77.572417,1
House #821,13.022283,77.563944,1
House #822,12.96451,77.569913,1
House #823,12.966608,77.641144,1
House #824,13.016782,77.600015,1
House #825,12.975053,77.676497,1
House #826,12.973637,77.558268,1
House #827,13.012639,77.564787,1
House #828,12.945957,77.579549,1
House #829,12.991233,77.572172,1
House #830,12.992593,77.585538,1
House #831,12.974667,77.577137,1
House #832,13.010261,77.559756,1
House #833,12.989228,77.572559,1
House #834,12.988429,77.583851,1
House #835,12.99464,77.598819,1
House #836,12.964361,77.568676,1
House #837,12.964962,77.65194,1
House #838,12.989399,77.560033,1
House #839,12.935655,77.54691,1
House #840,12.984845,77.579873,1
House #841,12.986526,77.573116,1
House #842,13.019439,77.547844,1
House #843,12.941876,77.566081,1
House #844,12.983551,77.655317,1
House #845,12.955211,77.576079,1
House #846,12.995521,77.591724,1
House #847,12.984584,77.572525,1
House #848,12.989302,77.575543,1
House #849,13.018891,77.647793,1
House #850,12.973175,77.615129,1
House #851,12.975352,77.58437,1
House #852,12.997122,77.581672,1
House #853,13.003382,77.590993,1
House #854,12.957059,77.64617,1
House #855,12.990122,77.583649,1
House #856,13.003493,77.656687,1
House #857,12.968281,77.646424,1
House #858,12.965825,77.579842,1
House #859,12.973199,77.622627,1
House #860,12.957783,77.59226,1
House #861,13.028124,77.587783,1
House #862,12.977954,77.575263,1
House #863,12.979591,77.562466,1
House #864,12.97203,77.664907,1
House #865,13.002964,77.622553,1
House #866,13.000414,77.574644,1
House #867,12.977827,77.55332,1
House #868,12.986288,77.568155,1
House #869,12.980445,77.669293,1
House #870,12.982188,77.569334,1
House #871,12.955702,77.615108,1
House #872,12.99433,77.634051,1
House #873,12.993486,77.565566,1
House #874,12.913445,77.590322,1
House #875,12.943323,77.592739,1
House #876,12.962885,77.632,1
House #877,12.974641,77.640887,1
House #878,12.965163,77.582168,1
House #879,12.990783,77.585047,1
House #880,12.969564,77.655119,1
House #881,12.984908,77.596966,1
House #882,12.961078,77.581734,1
House #883,12.967965,77.591391,1
House #884,12.975515,77.56656,1
House #885,12.97002,77.649022,1
House #886,12.984505,77.573418,1
House #887,12.998491,77.548496,1
House #888,12.952359,77.570416,1
House #889,12.955852,77.57399,1
House #890,12.946203,77.592171,1
House #891,12.996236,77.573624,1
House #892,12.997765,77.577864,1
House #893,13.001533,77.583211,1
House #894,12.965694,77.572737,1
House #895,12.990009,77.573191,1
House #896,13.011572,77.563951,1
House #897,12.989341,77.585711,1
House #898,12.987897,77.573279,1
House #899,12.988768,77.545459,1
House #900,12.96709,77.580918,1
House #901,12.965821,77.57073,1
House #902,12.941011,77.573685,1
House #903,13.022656,77.565135,1
House #904,13.001075,77.573961,1
House #905,13.013139,77.566711,1
House #906,12.94883,77.5963,1
House #907,12.996494,77.570156,1
House #908,13.018591,77.570459,1
House #909,12.9632,77.558224,1
House #910,12.969381,77.63941,1
House #911,12.97255,77.570397,1
House #912,13.014202,77.577297,1
House #913,12.98024,77.575303,1
House #914,12.968275,77.580823,1
House #915,12.923104,77.560068,1
House #916,12.995496,77.646968,1
House #917,12.929331,77.559583,1
House #918,12.947818,77.575869,1
House #919,12.97468,77.539294,1
House #920,12.959213,77.581866,1
House #921,12.990501,77.61872,1
House #922,12.985998,77.63451,1
House #923,12.973354,77.579089,1
House #924,12.980397,77.626446,1
House #925,12.984734,77.59185,1
House #926,12.984086,77.553803,1
House #927,12.914924,77.606482,1
House #928,12.996864,77.562061,1
House #929,12.977621,77.574746,1
House #930,12.985735,77.577943,1
House #931,12.954008,77.562678,1
House #932,12.963901,77.550391,1
House #933,12.992476,77.552798,1
House #934,12.914852,77.594346,1
House #935,13.003553,77.590201,1
House #936,12.973778,77.569778,1
House #937,12.990025,77.657486,1
House #938,12.955093,77.600861,1
House #939,12.983446,77.604086,1
House #940,13.023032,77.562122,1
House #941,12.924923,77.575381,1
House #942,13.007045,77.573832,1
House #943,12.951005,77.591891,1
House #944,12.964343,77.574239,1
House #945,12.919591,77.586853,1
House #946,12.931128,77.564341,1
House #947,12.966814,77.628924,1
House #948,12.979875,77.64566,1
House #949,12.933971,77.585913,1
House #950,12.996285,77.634282,1
House #951,13.010035,77.594694,1
House #952,12.999049,77.581336,1
House #953,12.924145,77.571687,1
House #954,12.936642,77.568672,1
House #955,12.918392,77.560034,1
House #956,12.929239,77.59394,1
House #957,13.015078,77.56889,1
House #958,12.938892,77.622284,1
House #959,12.954271,77.650939,1
House #960,12.984905,77.631744,1
House #961,12.922169,77.568835,1
House #962,12.98509,77.573706,1
House #963,12.970873,77.571418,1
House #964,12.962594,77.586447,1
House #965,13.001783,77.554263,1
House #966,12.985576,77.653323,1
House #967,12.97887,77.586819,1
House #968,12.963629,77.636958,1
House #969,13.004089,77.589274,1
House #970,12.918871,77.586232,1
House #971,12.975361,77.573468,1
House #972,12.955797,77.559287,1
House #973,12.932956,77.541464,1
House #974,13.000641,77.56588,1
House #975,12.980536,77.630513,1
House #976,12.975039,77.586603,1
House #977,12.981554,77.590705,1
House #978,12.993696,77.560398,1
House #979,12.915671,77.623231,1
House #980,12.941214,77.581843,1
House #981,12.996808,77.583719,1
House #982,12.968019,77.597803,1
House #983,12.976105,77.656065,1
House #984,12.986243,77.566087,1
House #985,12.964855,77.605707,1
House #986,12.972112,77.572679,1
House #987,12.986157,77.569379,1
House #988,12.972876,77.571826,1
House #989,12.955222,77.587088,1
House #990,12.997151,77.642904,1
House #991,12.953786,77.578819,1
House #992,12.965626,77.575008,1
House #993,12.925984,77.605423,1
House #994,12.938495,77.568135,1
House #995,12.959304,77.643245,1
House #996,12.935854,77.566468,1
House #997,12.92373,77.56646,1
House #998,12.93252,77.542526,1
House #999,12.995558,77.648096,1
House #1000,13.024939,77.582842,1
House #1001,12.986588,77.578927,1
House #1002,12.979831,77.638503,1
House #1003,12.960882,77.619305,1
House #1004,12.925639,77.577301,1
House #1005,12.982268,77.615746,1
House #1006,12.985067,77.599248,1
House #1007,12.982039,77.570644,1
House #1008,12.964288,77.622061,1
House #1009,12.960244,77.572363,1
House #1010,12.960118,77.654758,1
House #1011,12.919045,77.577507,1
House #1012,12.943659,77.589535,1
House #1013,13.004736,77.575111,1
House #1014,12.978043,77.54187,1
House #1015,12.923329,77.571279,1
House #1016,12.998869,77.561746,1
House #1017,12.934576,77.542223,1
House #1018,13.017668,77.582292,1
House #1019,12.960843,77.563063,1
House #1020,12.955392,77.676386,1
House #1021,12.974923,77.559463,1
House #1022,12.992629,77.579976,1
House #1023,12.999774,77.64296,1
House #1024,12.915202,77.574553,1
House #1025,12.974158,77.597281,1
House #1026,12.958692,77.558584,1
House #1027,12.960243,77.569729,1
House #1028,12.991438,77.657624,1
House #1029,13.008429,77.572281,1
House #1030,13.013489,77.645661,1
House #1031,12.960583,77.592434,1
House #1032,12.971694,77.6369,1
House #1033,12.936138,77.569913,1
House #1034,12.970815,77.603683,1
House #1035,12.924296,77.593325,1
House #1036,12.971215,77.645705,1
House #1037,12.977551,77.558793,1
House #1038,12.971094,77.624,1
House #1039,12.923128,77.56975,1
House #1040,12.980313,77.585355,1
House #1041,12.990449,77.578988,1
House #1042,12.966194,77.589767,1
House #1043,12.941512,77.601843,1
House #1044,12.991181,77.558499,1
House #1045,12.95667,77.563733,1
House #1046,12.91463,77.569192,1
House #1047,12.993764,77.576931,1
House #1048,12.961135,77.579537,1
House #1049,12.955134,77.56998,1
House #1050,12.971196,77.557248,1
House #1051,12.918759,77.587522,1
House #1052,12.966141,77.657146,1
House #1053,12.931078,77.573544,1
House #1054,13.003173,77.643099,1
House #1055,12.919426,77.614767,1
House #1056,12.976571,77.567322,1
House #1057,13.005651,77.572915,1
House #1058,12.953186,77.644374,1
House #1059,12.992523,77.56196,1
House #1060,12.996046,77.597147,1
House #1061,12.973675,77.561218,1
House #1062,12.96228,77.640388,1
House #1063,13.001285,77.587408,1
House #1064,12.949974,77.590695,1
House #1065,12.92756,77.589846,1
House #1066,12.961419,77.572136,1
House #1067,12.913947,77.561308,1
House #1068,12.978726,77.552061,1
House #1069,12.945308,77.549852,1
House #1070,12.964776,77.584391,1
House #1071,12.957867,77.655724,1
House #1072,12.987025,77.57962,1
House #1073,12.975782,77.651586,1
House #1074,12.979431,77.563052,1
House #1075,12.932819,77.579821,1
House #1076,12.97389,77.637923,1
House #1077,12.988902,77.562664,1
House #1078,12.971245,77.577354,1
House #1079,12.981905,77.641407,1
House #1080,12.919257,77.578574,1
House #1081,12.959565,77.583348,1
House #1082,12.950753,77.654761,1
House #1083,12.989815,77.59096,1
House #1084,12.980578,77.621664,1
House #1085,12.928701,77.63569,1
House #1086,12.971221,77.57328,1
House #1087,13.017247,77.584168,1
House #1088,12.918185,77.610662,1
House #1089,12.973374,77.668671,1
House #1090,13.032236,77.541863,1
House #1091,12.971347,77.576251,1
House #1092,12.997159,77.566563,1
House #1093,12.95136,77.622426,1
House #1094,12.982235,77.595081,1
House #1095,12.989739,77.577279,1
House #1096,12.983207,77.550352,1
House #1097,12.969621,77.595967,1
House #1098,12.989542,77.564159,1
House #1099,12.971917,77.604132,1
House #1100,12.948463,77.595821,1
House #1101,12.944962,77.554611,1
House #1102,12.977983,77.573972,1
House #1103,12.98209,77.559264,1
House #1104,12.981518,77.561924,1
House #1105,12.995936,77.556104,1
House #1106,12.984505,77.532788,1
House #1107,12.953691,77.640793,1
House #1108,12.964615,77.586696,1
House #1109,13.023707,77.581649,1
House #1110,12.9914,77.649761,1
House #1111,12.97743,77.637141,1
House #1112,13.01339,77.557065,1
House #1113,13.012619,77.601276,1
House #1114,12.97889,77.563544,1
House #1115,12.929234,77.562718,1
House #1116,12.939958,77.570762,1
House #1117,12.928542,77.599172,1
House #1118,12.95367,77.586551,1
House #1119,12.978601,77.579493,1
House #1120,12.973122,77.573594,1
House #1121,12.98771,77.551982,1
House #1122,12.965697,77.571803,1
House #1123,12.929917,77.580948,1
House #1124,12.972284,77.609153,1
House #1125,12.974085,77.565883,1
House #1126,12.976099,77.578717,1
House #1127,12.953343,77.554054,1
House #1128,12.992627,77.569404,1
House #1129,13.01083,77.57901,1
House #1130,12.99512,77.577169,1
House #1131,12.963076,77.584563,1
House #1132,12.98726,77.55963,1
House #1133,12.968307,77.610602,1
House #1134,12.994864,77.55779,1
House #1135,12.949475,77.610327,1
House #1136,12.957701,77.655329,1
House #1137,12.987752,77.568831,1
House #1138,12.979296,77.566206,1
House #1139,12.984154,77.569863,1
House #1140,12.923612,77.560941,1
House #1141,12.976417,77.583998,1
House #1142,12.944207,77.587506,1
House #1143,12.967026,77.58787,1
House #1144,12.992702,77.547319,1
House #1145,12.961958,77.583121,1
House #1146,13.029874,77.587477,1
House #1147,12.995142,77.607314,1
House #1148,12.965653,77.672353,1
House #1149,12.990253,77.571732,1
House #1150,12.967017,77.550029,1
House #1151,12.919636,77.560636,1
House #1152,12.960938,77.658135,1
House #1153,12.972428,77.582889,1
House #1154,12.969053,77.563595,1
House #1155,12.985227,77.552164,1
House #1156,12.956004,77.607134,1
House #1157,12.941794,77.579973,1
House #1158,12.980877,77.588381,1
House #1159,12.977358,77.633618,1
House #1160,12.971005,77.569696,1
House #1161,12.973365,77.593444,1
House #1162,13.017563,77.554106,1
House #1163,12.959477,77.590204,1
House #1164,12.961354,77.538618,1
House #1165,12.940027,77.575412,1
House #1166,13.019298,77.562072,1
House #1167,12.979667,77.651943,1
House #1168,13.0032,77.579155,1
House #1169,12.989465,77.643014,1
House #1170,12.936913,77.579291,1
House #1171,12.995202,77.581814,1
House #1172,12.973229,77.578018,1
House #1173,13.018492,77.556479,1
House #1174,12.931821,77.616015,1
House #1175,12.916313,77.551256,1
House #1176,12.981567,77.656858,1
House #1177,12.974073,77.631461,1
House #1178,12.941521,77.565193,1
House #1179,13.010717,77.567466,1
House #1180,12.99216,77.567382,1
House #1181,12.970232,77.585088,1
House #1182,12.960475,77.57835,1
House #1183,12.9797,77.635207,1
House #1184,12.985177,77.571329,1
House #1185,12.984997,77.562737,1
House #1186,12.975971,77.628614,1
House #1187,12.919362,77.626252,1
House #1188,12.929598,77.598367,1
House #1189,12.945859,77.560832,1
House #1190,13.001595,77.562221,1
House #1191,12.994198,77.584701,1
House #1192,13.022936,77.577154,1
House #1193,12.983356,77.558802,1
House #1194,12.989887,77.587521,1
House #1195,12.97389,77.564654,1
House #1196,12.973933,77.61952,1
House #1197,13.016623,77.559576,1
House #1198,12.978589,77.567277,1
House #1199,13.019464,77.579178,1
House #1200,12.966249,77.651822,1
House #1201,12.978722,77.645322,1
House #1202,12.958261,77.610175,1
House #1203,13.000337,77.651122,1
House #1204,12.986694,77.572003,1
House #1205,12.97851,77.600473,1
House #1206,12.956019,77.597911,1
House #1207,12.994963,77.588481,1
House #1208,12.985568,77.590262,1
House #1209,13.006837,77.576046,1
House #1210,12.998389,77.582031,1
House #1211,12.974317,77.583525,1
House #1212,12.991954,77.594402,1
House #1213,12.961395,77.554839,1
House #1214,12.935402,77.546273,1
House #1215,12.985373,77.563316,1
House #1216,12.958797,77.599755,1
House #1217,12.961961,77.573327,1
House #1218,12.983459,77.566276,1
House #1219,12.9695,77.66051,1
House #1220,12.973346,77.594565,1
House #1221,12.964556,77.565907,1
House #1222,12.969049,77.60414,1
House #1223,12.974924,77.627506,1
House #1224,12.998849,77.545274,1
House #1225,12.931852,77.568932,1
House #1226,13.00681,77.584641,1
House #1227,12.980123,77.635701,1
House #1228,12.924661,77.531849,1
House #1229,12.971124,77.590883,1
House #1230,12.918789,77.567966,1
House #1231,12.941094,77.639491,1
House #1232,12.938905,77.579469,1
House #1233,13.015267,77.567178,1
House #1234,12.952827,77.579137,1
House #1235,12.967277,77.567258,1
House #1236,12.957797,77.545045,1
House #1237,12.948859,77.552546,1
House #1238,12.9917,77.591231,1
House #1239,12.996779,77.558871,1
House #1240,12.957386,77.620585,1
House #1241,13.00723,77.558235,1
House #1242,13.017776,77.590038,1
House #1243,12.913062,77.552421,1
House #1244,12.958917,77.58114,1
House #1245,13.002552,77.632959,1
House #1246,13.0023,77.546724,1
House #1247,12.963597,77.58829,1
House #1248,12.941601,77.573121,1
House #1249,12.951062,77.58958,1
House #1250,13.005884,77.576136,1
House #1251,12.932352,77.580295,1
House #1252,12.992782,77.668565,1
House #1253,13.025771,77.571746,1
House #1254,12.940741,77.57675,1
House #1255,12.981165,77.582009,1
House #1256,12.965283,77.573858,1
House #1257,12.923738,77.573644,1
House #1258,12.964504,77.630404,1
House #1259,12.971226,77.631136,1
House #1260,12.984698,77.552081,1
House #1261,12.977008,77.583287,1
House #1262,12.976935,77.579242,1
House #1263,12.972272,77.579103,1
House #1264,12.978496,77.594744,1
House #1265,12.924416,77.576385,1
House #1266,13.005619,77.556674,1
House #1267,12.950937,77.633278,1
House #1268,12.971606,77.6505,1
House #1269,12.979859,77.553238,1
House #1270,12.921937,77.614408,1
House #1271,12.993198,77.575405,1
House #1272,12.988658,77.669121,1
House #1273,13.000159,77.562921,1
House #1274,12.972877,77.592097,1
House #1275,12.97416,77.642214,1
House #1276,13.02692,77.58007,1
House #1277,12.986119,77.574807,1
House #1278,13.028992,77.572805,1
House #1279,12.947891,77.547395,1
House #1280,12.991214,77.627047,1
House #1281,12.970129,77.553591,1
House #1282,12.964505,77.539665,1
House #1283,12.92863,77.652983,1
House #1284,12.982221,77.581186,1
House #1285,12.985774,77.553,1
House #1286,12.994863,77.587003,1
House #1287,12.927003,77.566232,1
House #1288,12.999056,77.564245,1
House #1289,12.960151,77.572402,1
House #1290,12.963777,77.573331,1
House #1291,12.974779,77.640977,1
House #1292,12.975398,77.584096,1
House #1293,12.92489,77.565762,1
House #1294,12.987855,77.548995,1
House #1295,12.999616,77.645581,1
House #1296,12.980261,77.644164,1
House #1297,12.962409,77.582778,1
House #1298,12.985847,77.582838,1
House #1299,12.910297,77.597521,1
House #1300,12.983224,77.648477,1
House #1301,13.017322,77.573704,1
House #1302,12.93872,77.566377,1
House #1303,12.980451,77.592161,1
House #1304,12.981091,77.586801,1
House #1305,13.011794,77.586308,1
House #1306,12.974491,77.560007,1
House #1307,13.001031,77.629731,1
House #1308,12.994513,77.571535,1
House #1309,12.926143,77.559981,1
House #1310,12.972656,77.574494,1
House #1311,13.030931,77.584082,1
House #1312,12.981811,77.65929,1
House #1313,12.946779,77.599956,1
House #1314,12.996061,77.592847,1
House #1315,12.942815,77.581403,1
House #1316,12.974825,77.65922,1
House #1317,12.953779,77.58782,1
House #1318,12.921588,77.587085,1
House #1319,13.003821,77.55674,1
House #1320,12.944941,77.562802,1
House #1321,12.948934,77.586131,1
House #1322,12.974591,77.581571,1
House #1323,12.966638,77.63973,1
House #1324,12.987605,77.59241,1
House #1325,12.981385,77.63006,1
House #1326,13.002087,77.583342,1
House #1327,13.009894,77.551721,1
House #1328,12.979818,77.555739,1
House #1329,12.950848,77.581344,1
House #1330,13.000765,77.559434,1
House #1331,12.910848,77.565548,1
House #1332,12.976276,77.559173,1
House #1333,12.927767,77.570282,1
House #1334,12.976483,77.572851,1
House #1335,13.025658,77.596696,1
House #1336,12.938572,77.608766,1
House #1337,12.923149,77.603792,1
House #1338,12.970336,77.555686,1
House #1339,12.980339,77.55782,1
House #1340,12.977538,77.644803,1
House #1341,12.951072,77.582754,1
House #1342,12.962946,77.603868,1
House #1343,12.979959,77.558909,1
House #1344,12.971763,77.588874,1
House #1345,12.979397,77.620846,1
House #1346,12.966978,77.653186,1
House #1347,13.013984,77.573512,1
House #1348,12.973173,77.593416,1
House #1349,12.987448,77.586774,1
House #1350,12.997998,77.565579,1
House #1351,12.973166,77.575687,1
House #1352,13.016536,77.571538,1
House #1353,12.980529,77.582542,1
House #1354,12.97193,77.553547,1
House #1355,13.008741,77.553643,1
House #1356,12.961753,77.577924,1
House #1357,12.934672,77.592154,1
House #1358,12.981542,77.574671,1
House #1359,12.942949,77.601615,1
House #1360,13.010454,77.59092,1
House #1361,12.933259,77.603137,1
House #1362,12.928511,77.583534,1
House #1363,12.966962,77.574528,1
House #1364,12.971524,77.642272,1
House #1365,12.985365,77.583359,1
House #1366,12.982709,77.637839,1
House #1367,12.967381,77.589984,1
House #1368,12.991197,77.643915,1
House #1369,12.946682,77.563246,1
House #1370,12.995106,77.578949,1
House #1371,12.964086,77.678948,1
House #1372,12.971762,77.652501,1
House #1373,12.968387,77.643548,1
House #1374,12.971648,77.569725,1
House #1375,13.032257,77.57346,1
House #1376,13.017391,77.564557,1
House #1377,13.02258,77.583393,1
House #1378,13.004197,77.564697,1
House #1379,12.981164,77.643045,1
House #1380,12.927387,77.567013,1
House #1381,13.008647,77.56739,1
House #1382,12.99842,77.593077,1
House #1383,12.970128,77.666084,1
House #1384,12.983751,77.555441,1
House #1385,12.987894,77.599608,1
House #1386,12.959928,77.58607,1
House #1387,12.978208,77.586857,1
House #1388,12.964406,77.566219,1
House #1389,12.938002,77.598715,1
House #1390,12.936046,77.599564,1
House #1391,12.975658,77.621926,1
House #1392,12.923341,77.581438,1
House #1393,13.000075,77.565339,1
House #1394,12.968339,77.570242,1
House #1395,12.987354,77.596193,1
House #1396,12.990306,77.633731,1
House #1397,12.98213,77.63037,1
House #1398,12.975778,77.569821,1
House #1399,12.919459,77.578861,1
House #1400,12.964101,77.5796,1
House #1401,12.971503,77.563234,1
House #1402,12.925364,77.5562,1
House #1403,13.010655,77.597108,1
House #1404,12.992259,77.567052,1
House #1405,12.982503,77.623958,1
House #1406,12.943463,77.571371,1
House #1407,12.961365,77.561719,1
House #1408,12.998887,77.658769,1
House #1409,12.992348,77.570913,1
House #1410,12.944788,77.567534,1
House #1411,12.968883,77.586312,1
House #1412,12.967341,77.575811,1
House #1413,12.944993,77.622796,1
House #1414,12.965891,77.630582,1
House #1415,12.960809,77.635569,1
House #1416,12.9793,77.567206,1
House #1417,12.965076,77.591787,1
House #1418,12.954973,77.619993,1
House #1419,12.967384,77.571385,1
House #1420,12.940159,77.58104,1
House #1421,12.999221,77.582408,1
House #1422,12.981703,77.563402,1
House #1423,12.958696,77.575577,1
House #1424,12.999852,77.643937,1
House #1425,12.961978,77.616732,1
House #1426,12.961196,77.614732,1
House #1427,13.008157,77.568226,1
House #1428,12.959768,77.575452,1
House #1429,12.929451,77.57472,1
House #1430,12.922416,77.596937,1
House #1431,13.003064,77.56703,1
House #1432,12.987833,77.585339,1
House #1433,12.917479,77.584256,1
House #1434,13.006101,77.564763,1
House #1435,12.980059,77.58718,1
House #1436,13.000922,77.560035,1
House #1437,12.973792,77.648277,1
House #1438,12.94972,77.579646,1
House #1439,12.980177,77.572915,1
House #1440,12.97797,77.669036,1
House #1441,12.979439,77.587427,1
House #1442,12.98402,77.588941,1
House #1443,12.976877,77.563881,1
House #1444,12.951159,77.604926,1
House #1445,12.930782,77.608547,1
House #1446,12.920584,77.588576,1
House #1447,12.922891,77.604296,1
House #1448,12.934507,77.579316,1
House #1449,12.962075,77.576984,1
House #1450,12.932326,77.592767,1
House #1451,12.925721,77.570059,1
House #1452,12.948957,77.585573,1
House #1453,12.957591,77.588507,1
House #1454,12.974538,77.558463,1
House #1455,12.990274,77.627643,1
House #1456,13.003097,77.586061,1
House #1457,13.00455,77.56539,1
House #1458,12.995074,77.562884,1
House #1459,13.010361,77.552273,1
House #1460,12.988118,77.662212,1
House #1461,12.980385,77.654022,1
House #1462,12.917425,77.564445,1
House #1463,12.915363,77.59771,1
House #1464,12.970761,77.555869,1
House #1465,13.015466,77.546355,1
House #1466,12.978853,77.64706,1
House #1467,12.913096,77.594685,1
House #1468,12.989939,77.57823,1
House #1469,12.975511,77.585874,1
House #1470,12.994519,77.560424,1
House #1471,12.97716,77.582772,1
House #1472,12.984243,77.556674,1
House #1473,12.957735,77.586511,1
House #1474,12.968848,77.565099,1
House #1475,12.91515,77.607493,1
House #1476,13.004124,77.572734,1
House #1477,12.988116,77.565337,1
House #1478,13.010841,77.557521,1
House #1479,12.951884,77.582172,1
House #1480,12.957976,77.588882,1
House #1481,12.982342,77.577691,1
House #1482,12.960692,77.613157,1
House #1483,12.927893,77.587916,1
House #1484,12.964284,77.631035,1
House #1485,12.974232,77.574036,1
House #1486,12.989061,77.541525,1
House #1487,12.920496,77.594561,1
House #1488,12.951217,77.656306,1
House #1489,12.992473,77.651746,1
House #1490,12.947752,77.592286,1
House #1491,13.007423,77.573368,1
House #1492,12.915675,77.593493,1
House #1493,12.984832,77.56755,1
House #1494,12.974799,77.6288,1
House #1495,12.941754,77.602988,1
House #1496,12.975607,77.565943,1
House #1497,12.954665,77.663957,1
House #1498,12.973985,77.553188,1
House #1499,12.952578,77.641495,1
House #1500,12.987107,77.582103,1
House #1501,12.993609,77.634582,1
House #1502,12.957055,77.584909,1
House #1503,12.919658,77.558885,1
House #1504,12.919539,77.562982,1
House #1505,12.961843,77.584544,1
House #1506,12.923693,77.592073,1
House #1507,12.96674,77.574386,1
House #1508,12.945449,77.601425,1
House #1509,12.970199,77.599361,1
House #1510,12.938733,77.568188,1
House #1511,12.918283,77.533229,1
House #1512,12.946981,77.587964,1
House #1513,13.00781,77.56885,1
House #1514,12.982797,77.581716,1
House #1515,12.973819,77.59845,1
House #1516,12.984013,77.58351,1
House #1517,12.975136,77.639914,1
House #1518,12.959441,77.598458,1
House #1519,13.000597,77.5966,1
House #1520,12.990353,77.586426,1
House #1521,12.925293,77.583527,1
House #1522,13.009964,77.593474,1
House #1523,12.932776,77.609255,1
House #1524,12.962129,77.591921,1
House #1525,12.942906,77.567476,1
House #1526,12.99143,77.568389,1
House #1527,12.981684,77.643257,1
House #1528,12.993112,77.643712,1
House #1529,12.937569,77.558041,1
House #1530,13.034911,77.586752,1
House #1531,12.989256,77.654828,1
House #1532,12.997055,77.550795,1
House #1533,12.96192,77.590717,1
House #1534,12.928019,77.601935,1
House #1535,12.95893,77.612233,1
House #1536,12.973777,77.59076,1
House #1537,13.000682,77.637411,1
House #1538,12.989394,77.621714,1
House #1539,12.98748,77.57838,1
House #1540,12.948127,77.567007,1
House #1541,13.003989,77.555388,1
House #1542,12.993413,77.570326,1
House #1543,12.967695,77.570619,1
House #1544,12.955117,77.658447,1
House #1545,13.003068,77.571995,1
House #1546,12.982865,77.642854,1
House #1547,13.008145,77.569299,1
House #1548,12.976187,77.563828,1
House #1549,12.977975,77.583925,1
House #1550,12.963851,77.579711,1
House #1551,12.918887,77.586499,1
House #1552,12.966369,77.57488,1
House #1553,13.005013,77.576079,1
House #1554,12.947619,77.566966,1
House #1555,12.969422,77.559544,1
House #1556,12.994437,77.562008,1
House #1557,12.979894,77.572859,1
House #1558,12.988958,77.637313,1
House #1559,12.979292,77.655017,1
House #1560,12.913354,77.604404,1
House #1561,12.983123,77.597436,1
House #1562,12.968627,77.581278,1
House #1563,12.949668,77.558159,1
House #1564,13.029859,77.592793,1
House #1565,12.967327,77.589948,1
House #1566,12.966975,77.545343,1
House #1567,12.986349,77.575937,1
House #1568,12.982838,77.599257,1
House #1569,12.970905,77.573811,1
House #1570,13.001544,77.582671,1
House #1571,12.998429,77.563296,1
House #1572,12.910835,77.609564,1
House #1573,12.946494,77.563291,1
House #1574,12.977485,77.63095,1
House #1575,12.982854,77.571366,1
House #1576,12.978399,77.574888,1
House #1577,12.950343,77.627281,1
House #1578,12.959566,77.568385,1
House #1579,12.985661,77.644479,1
House #1580,12.939975,77.583732,1
House #1581,12.987327,77.660566,1
House #1582,12.976631,77.546158,1
House #1583,12.946303,77.584601,1
House #1584,12.935749,77.546721,1
House #1585,12.973586,77.590669,1
House #1586,12.922214,77.590792,1
House #1587,12.910795,77.594486,1
House #1588,12.996195,77.582995,1
House #1589,12.973917,77.582648,1
House #1590,12.932881,77.571832,1
House #1591,12.98212,77.565915,1
House #1592,12.978393,77.64388,1
House #1593,13.007357,77.572718,1
House #1594,13.00959,77.567659,1
House #1595,12.9837,77.577065,1
House #1596,12.968832,77.579084,1
House #1597,12.947671,77.574331,1
House #1598,12.984107,77.585376,1
House #1599,12.917844,77.608242,1
House #1600,12.950341,77.560258,1
House #1601,12.979259,77.627256,1
House #1602,12.976566,77.650665,1
House #1603,12.994593,77.620533,1
House #1604,12.936809,77.64946,1
House #1605,12.97867,77.578545,1
House #1606,12.946916,77.570843,1
House #1607,12.912469,77.571055,1
House #1608,12.975726,77.639923,1
House #1609,13.014869,77.578476,1
House #1610,13.002848,77.583634,1
House #1611,13.006828,77.586348,1
House #1612,12.979517,77.570243,1
House #1613,13.010885,77.60397,1
House #1614,12.992711,77.601281,1
House #1615,12.96202,77.632967,1
House #1616,12.970761,77.55733,1
House #1617,12.97046,77.589363,1
House #1618,12.997685,77.655706,1
House #1619,12.978634,77.634315,1
House #1620,13.018862,77.573667,1
House #1621,12.934979,77.593023,1
House #1622,12.978834,77.572864,1
House #1623,12.940244,77.574289,1
House #1624,12.974915,77.59089,1
House #1625,12.960082,77.657271,1
House #1626,13.01077,77.567015,1
House #1627,12.926331,77.612571,1
House #1628,12.944826,77.589358,1
House #1629,12.994803,77.611284,1
House #1630,12.988625,77.638854,1
House #1631,12.928468,77.599166,1
House #1632,12.922593,77.594425,1
House #1633,12.971901,77.650692,1
House #1634,12.960285,77.584439,1
House #1635,12.921924,77.547168,1
House #1636,12.943439,77.549661,1
House #1637,12.970469,77.639854,1
House #1638,12.968271,77.581422,1
House #1639,12.939691,77.601097,1
House #1640,12.961049,77.586385,1
House #1641,12.981931,77.623181,1
House #1642,12.951971,77.533932,1
House #1643,12.99374,77.587228,1
House #1644,12.936294,77.546981,1
House #1645,12.981949,77.581386,1
House #1646,12.98605,77.65198,1
House #1647,12.97064,77.588801,1
House #1648,12.950983,77.57167,1
House #1649,12.980913,77.637762,1
House #1650,12.918615,77.559279,1
House #1651,12.996129,77.551782,1
House #1652,13.015686,77.627583,1
House #1653,12.988468,77.673274,1
House #1654,12.949877,77.56267,1
House #1655,12.952258,77.626221,1
House #1656,12.988568,77.575327,1
House #1657,12.987433,77.579441,1
House #1658,13.026733,77.589155,1
House #1659,13.003132,77.588841,1
House #1660,12.948584,77.640673,1
House #1661,13.000357,77.564295,1
House #1662,12.971049,77.553525,1
House #1663,12.937903,77.583784,1
House #1664,12.984315,77.588627,1
House #1665,12.923606,77.556777,1
House #1666,12.924966,77.616095,1
House #1667,12.991951,77.583201,1
House #1668,12.927234,77.566612,1
House #1669,12.953469,77.578105,1
House #1670,12.973852,77.639446,1
House #1671,12.98231,77.566063,1
House #1672,13.000208,77.573582,1
House #1673,13.005404,77.576524,1
House #1674,12.940611,77.559594,1
House #1675,12.961485,77.593154,1
House #1676,13.012212,77.566092,1
House #1677,12.981743,77.652859,1
House #1678,12.94517,77.555452,1
House #1679,13.011653,77.562946,1
House #1680,13.010378,77.591929,1
House #1681,12.945365,77.571034,1
House #1682,12.95067,77.571554,1
House #1683,12.982868,77.565893,1
House #1684,12.972347,77.574538,1
House #1685,12.985318,77.573646,1
House #1686,12.967095,77.565735,1
House #1687,12.978728,77.64178,1
House #1688,12.976987,77.658182,1
House #1689,12.985824,77.574046,1
House #1690,12.933262,77.596781,1
House #1691,12.911257,77.628072,1
House #1692,12.986881,77.657639,1
House #1693,12.995766,77.573152,1
House #1694,12.996901,77.568135,1
House #1695,12.98712,77.575844,1
House #1696,12.918752,77.592184,1
House #1697,12.9665,77.589535,1
House #1698,13.013412,77.543675,1
House #1699,12.993328,77.596223,1
House #1700,12.973958,77.587624,1
House #1701,12.984834,77.560167,1
House #1702,12.973738,77.573135,1
House #1703,12.961527,77.584271,1
House #1704,12.931767,77.596951,1
House #1705,12.968655,77.554465,1
House #1706,12.962272,77.639743,1
House #1707,12.961153,77.598089,1
House #1708,12.982905,77.562941,1
House #1709,12.967133,77.569993,1
House #1710,13.024382,77.613034,1
House #1711,13.003614,77.562863,1
House #1712,13.005039,77.560238,1
House #1713,12.966611,77.619446,1
House #1714,12.932827,77.574494,1
House #1715,12.986182,77.663497,1
House #1716,12.96591,77.596903,1
House #1717,12.923979,77.599449,1
House #1718,12.9783,77.567191,1
House #1719,12.933158,77.568334,1
House #1720,13.004436,77.632384,1
House #1721,12.966295,77.582641,1
House #1722,12.942442,77.553384,1
House #1723,12.984017,77.661376,1
House #1724,12.989669,77.584128,1
House #1725,12.963379,77.572928,1
House #1726,12.975007,77.568166,1
House #1727,12.986364,77.614971,1
House #1728,12.992707,77.651505,1
House #1729,12.973161,77.578669,1
House #1730,13.002445,77.556064,1
House #1731,12.954808,77.579944,1
House #1732,13.012988,77.57684,1
House #1733,13.010467,77.578286,1
House #1734,12.971466,77.574538,1
House #1735,12.989684,77.601948,1
House #1736,12.992421,77.614349,1
House #1737,12.989333,77.65641,1
House #1738,12.996905,77.646914,1
House #1739,12.930522,77.586601,1
House #1740,12.993169,77.57195,1
House #1741,12.988613,77.602362,1
House #1742,12.937426,77.590875,1
House #1743,12.96793,77.566129,1
House #1744,12.968794,77.567375,1
House #1745,12.957783,77.583219,1
House #1746,12.970084,77.596781,1
House #1747,12.958808,77.591692,1
House #1748,12.965837,77.64746,1
House #1749,12.917703,77.617959,1
House #1750,12.979893,77.637417,1
House #1751,12.942064,77.573671,1
House #1752,13.006095,77.571616,1
House #1753,12.995211,77.558167,1
House #1754,12.998116,77.589378,1
House #1755,12.978994,77.665594,1
House #1756,12.989197,77.594754,1
House #1757,12.955179,77.560123,1
House #1758,12.942311,77.57427,1
House #1759,12.975543,77.593553,1
House #1760,12.933186,77.583049,1
House #1761,12.992586,77.557257,1
House #1762,12.994323,77.654984,1
House #1763,12.990501,77.571147,1
House #1764,12.961534,77.575949,1
House #1765,12.993796,77.60396,1
House #1766,13.02691,77.570611,1
House #1767,12.98278,77.571077,1
House #1768,12.992507,77.584849,1
House #1769,12.999412,77.566339,1
House #1770,12.929216,77.583752,1
House #1771,12.986351,77.616943,1
House #1772,12.950992,77.683688,1
House #1773,12.971109,77.578134,1
House #1774,12.998843,77.591983,1
House #1775,12.987834,77.568201,1
House #1776,12.957026,77.562861,1
House #1777,12.96313,77.59553,1
House #1778,12.98349,77.552068,1
House #1779,12.983926,77.575159,1
House #1780,12.955982,77.552017,1
House #1781,12.946746,77.546995,1
House #1782,13.001052,77.581774,1
House #1783,12.961406,77.559697,1
House #1784,12.967282,77.647346,1
House #1785,12.995577,77.568282,1
House #1786,12.995895,77.593791,1
House #1787,12.977319,77.567806,1
House #1788,13.016959,77.538368,1
House #1789,13.002585,77.566265,1
House #1790,12.990485,77.613256,1
House #1791,12.975646,77.653943,1
House #1792,12.986129,77.623657,1
House #1793,12.981909,77.580581,1
House #1794,12.990657,77.563425,1
House #1795,13.013085,77.577977,1
House #1796,12.969877,77.564284,1
House #1797,12.939611,77.57086,1
House #1798,12.980345,77.579319,1
House #1799,12.995258,77.588381,1
House #1800,12.94752,77.586638,1
House #1801,13.018566,77.574885,1
House #1802,12.914941,77.558191,1
House #1803,12.972485,77.567631,1
House #1804,12.969453,77.574294,1
House #1805,12.981888,77.589298,1
House #1806,13.004447,77.574709,1
House #1807,12.95431,77.567993,1
House #1808,12.972788,77.568515,1
House #1809,12.988094,77.636805,1
House #1810,12.993913,77.59339,1
House #1811,12.961567,77.564788,1
House #1812,12.944148,77.56638,1
House #1813,12.975994,77.574648,1
House #1814,12.994729,77.581569,1
House #1815,13.004666,77.584895,1
House #1816,12.972907,77.559172,1
House #1817,12.96574,77.5914,1
House #1818,12.989403,77.576159,1
House #1819,12.957117,77.594463,1
House #1820,12.960833,77.569282,1
House #1821,12.97847,77.591018,1
House #1822,12.979177,77.557143,1
House #1823,12.969212,77.652422,1
House #1824,12.960787,77.636254,1
House #1825,12.986552,77.583113,1
House #1826,12.959851,77.569562,1
House #1827,12.993948,77.553631,1
House #1828,12.990063,77.653141,1
House #1829,12.991023,77.57496,1
House #1830,12.973391,77.573203,1
House #1831,12.997401,77.584568,1
House #1832,12.943583,77.600029,1
House #1833,12.968796,77.655805,1
House #1834,12.980746,77.528118,1
House #1835,12.966639,77.636442,1
House #1836,12.969564,77.593935,1
House #1837,12.984564,77.628413,1
House #1838,12.962947,77.579529,1
House #1839,12.983139,77.562424,1
House #1840,12.970736,77.597038,1
House #1841,13.017287,77.549292,1
House #1842,12.973155,77.640801,1
House #1843,12.976239,77.576471,1
House #1844,12.984485,77.581159,1
House #1845,13.002107,77.550609,1
House #1846,12.980409,77.635627,1
House #1847,12.912791,77.572811,1
House #1848,12.962767,77.566837,1
House #1849,12.975411,77.642046,1
House #1850,13.002634,77.57109,1
House #1851,12.941303,77.613362,1
House #1852,12.967786,77.565079,1
House #1853,12.976883,77.630041,1
House #1854,12.965866,77.575799,1
House #1855,12.913942,77.571563,1
House #1856,12.980316,77.65821,1
House #1857,12.981326,77.596266,1
House #1858,12.952284,77.566264,1
House #1859,12.950608,77.5726,1
House #1860,12.92656,77.579292,1
House #1861,12.963724,77.595961,1
House #1862,12.95316,77.604286,1
House #1863,12.974076,77.580957,1
House #1864,12.922177,77.573657,1
House #1865,12.978694,77.570982,1
House #1866,12.931867,77.594408,1
House #1867,12.963883,77.581194,1
House #1868,12.954701,77.588063,1
House #1869,12.961479,77.574355,1
House #1870,12.924194,77.579927,1
House #1871,13.011798,77.574227,1
House #1872,12.96838,77.576167,1
House #1873,12.999161,77.616689,1
House #1874,12.997534,77.550987,1
House #1875,12.953091,77.574679,1
House #1876,12.989113,77.601979,1
House #1877,12.927378,77.56486,1
House #1878,12.963944,77.627323,1
House #1879,12.974527,77.648707,1
House #1880,12.917354,77.583389,1
House #1881,12.955553,77.581379,1
House #1882,12.995669,77.553886,1
House #1883,12.980142,77.56213,1
House #1884,12.981557,77.558481,1
House #1885,12.943638,77.60247,1
House #1886,12.978762,77.623646,1
House #1887,12.964049,77.550109,1
House #1888,12.982687,77.575382,1
House #1889,12.987949,77.542187,1
House #1890,12.993083,77.573746,1
House #1891,12.964277,77.567273,1
House #1892,12.98634,77.635262,1
House #1893,12.998318,77.574929,1
House #1894,12.950821,77.588895,1
House #1895,13.007237,77.546553,1
House #1896,12.945445,77.595185,1
House #1897,12.998298,77.577125,1
House #1898,12.98185,77.566437,1
House #1899,12.997575,77.633001,1
House #1900,12.96794,77.628928,1
House #1901,12.931533,77.568022,1
House #1902,12.985862,77.564835,1
House #1903,12.986865,77.555205,1
House #1904,12.958299,77.633939,1
House #1905,12.947354,77.564293,1
House #1906,12.974543,77.591939,1
House #1907,12.983851,77.570509,1
House #1908,12.968875,77.623226,1
House #1909,12.962453,77.561542,1
House #1910,12.983481,77.59909,1
House #1911,12.977973,77.563412,1
House #1912,12.963274,77.579615,1
House #1913,12.913149,77.557618,1
House #1914,12.961115,77.580644,1
House #1915,12.979743,77.635472,1
House #1916,12.951398,77.600202,1
House #1917,12.952529,77.562849,1
House #1918,12.958098,77.649551,1
House #1919,12.950683,77.572743,1
House #1920,12.952567,77.637401,1
House #1921,12.930992,77.594414,1
House #1922,12.989003,77.587252,1
House #1923,12.979667,77.568152,1
House #1924,12.974815,77.579693,1
House #1925,12.969633,77.627446,1
House #1926,12.917917,77.56114,1
House #1927,12.968923,77.593002,1
House #1928,12.989399,77.57675,1
House #1929,12.992158,77.558497,1
House #1930,12.962736,77.645843,1
House #1931,12.93181,77.554472,1
House #1932,12.989531,77.59511,1
House #1933,12.966849,77.586666,1
House #1934,12.913959,77.577186,1
House #1935,12.94674,77.576184,1
House #1936,12.950716,77.582966,1
House #1937,12.920567,77.553376,1
House #1938,12.986407,77.578935,1
House #1939,12.98602,77.565986,1
House #1940,12.998108,77.585817,1
House #1941,12.91535,77.599311,1
House #1942,12.968538,77.551054,1
House #1943,12.980762,77.615035,1
House #1944,13.00173,77.557703,1
House #1945,12.939602,77.585794,1
House #1946,12.967167,77.641283,1
House #1947,12.929465,77.594929,1
House #1948,12.955747,77.589209,1
House #1949,12.97038,77.581633,1
House #1950,12.947198,77.585346,1
House #1951,12.98497,77.586503,1
House #1952,12.986864,77.560187,1
House #1953,12.987568,77.582737,1
House #1954,12.959868,77.590566,1
House #1955,12.984575,77.580163,1
House #1956,12.949151,77.571834,1
House #1957,12.910186,77.554259,1
House #1958,12.988262,77.582657,1
House #1959,12.998876,77.572192,1
House #1960,12.948501,77.549071,1
House #1961,12.971332,77.654185,1
House #1962,12.968488,77.590499,1
House #1963,12.968668,77.624323,1
House #1964,12.98921,77.580832,1
House #1965,12.968131,77.623712,1
House #1966,12.981576,77.576509,1
House #1967,13.014806,77.638699,1
House #1968,12.998122,77.569433,1
House #1969,12.996814,77.57995,1
House #1970,12.985773,77.565452,1
House #1971,12.987926,77.584204,1
House #1972,12.976965,77.633554,1
House #1973,13.003611,77.530907,1
House #1974,12.986577,77.639556,1
House #1975,13.002861,77.560874,1
House #1976,12.975667,77.566644,1
House #1977,12.984268,77.655851,1
House #1978,12.931688,77.591361,1
House #1979,12.956712,77.655894,1
House #1980,13.025489,77.564637,1
House #1981,12.947597,77.625514,1
House #1982,12.996072,77.640193,1
House #1983,13.006109,77.566709,1
House #1984,12.977234,77.636483,1
House #1985,12.981689,77.597337,1
House #1986,12.992263,77.625599,1
House #1987,13.018436,77.567562,1
House #1988,12.991568,77.553847,1
House #1989,12.932382,77.576453,1
House #1990,12.98995,77.622469,1
House #1991,12.938551,77.583065,1
House #1992,12.99234,77.673862,1
House #1993,13.010037,77.562263,1
House #1994,13.000584,77.552261,1
House #1995,12.927038,77.592667,1
House #1996,12.980423,77.55505,1
House #1997,12.967915,77.58914,1
House #1998,12.98881,77.573252,1
House #1999,12.948648,77.578219,1
House #2000,12.929267,77.599855,1
House #2001,12.995456,77.568077,1
House #2002,12.983081,77.583464,1
House #2003,12.977764,77.570184,1
House #2004,12.974781,77.654197,1
House #2005,12.923801,77.588968,1
House #2006,12.97705,77.562602,1
House #2007,12.982005,77.579664,1
House #2008,12.991918,77.639846,1
House #2009,12.952489,77.534481,1
House #2010,12.973122,77.572304,1
House #2011,12.916042,77.608549,1
House #2012,13.007426,77.533438,1
House #2013,12.965729,77.587866,1
House #2014,12.950739,77.564953,1
House #2015,12.973284,77.637433,1
House #2016,12.966363,77.637864,1
House #2017,12.976793,77.576258,1
House #2018,13.006151,77.595889,1
House #2019,12.965945,77.546156,1
House #2020,12.982415,77.641576,1
House #2021,12.970695,77.634685,1
House #2022,12.970367,77.580483,1
House #2023,12.98674,77.528322,1
House #2024,13.002063,77.580378,1
House #2025,12.982683,77.57672,1
House #2026,12.946335,77.57796,1
House #2027,12.976833,77.631555,1
House #2028,13.014584,77.585101,1
House #2029,12.971606,77.642515,1
House #2030,12.984579,77.65371,1
House #2031,12.999216,77.577801,1
House #2032,12.942313,77.631509,1
House #2033,12.985205,77.589208,1
House #2034,12.992876,77.642365,1
House #2035,12.926044,77.571972,1
House #2036,12.972544,77.548626,1
House #2037,13.007285,77.556416,1
House #2038,12.910578,77.588935,1
House #2039,12.92683,77.620268,1
House #2040,12.986384,77.589054,1
House #2041,13.01205,77.571213,1
House #2042,12.974855,77.580456,1
House #2043,12.933308,77.587441,1
House #2044,12.969252,77.599653,1
House #2045,12.963457,77.573634,1
House #2046,12.930272,77.51393,1
House #2047,12.954249,77.582632,1
House #2048,12.931692,77.573922,1
House #2049,12.979936,77.569556,1
House #2050,12.974682,77.662974,1
House #2051,12.927941,77.590635,1
House #2052,12.931567,77.599103,1
House #2053,13.003791,77.550942,1
House #2054,12.983472,77.55596,1
House #2055,12.99067,77.563908,1
House #2056,12.948877,77.568788,1
House #2057,12.958949,77.617441,1
House #2058,12.973123,77.59272,1
House #2059,13.015116,77.593816,1
House #2060,12.960154,77.612897,1
House #2061,12.983903,77.643565,1
House #2062,12.996742,77.578099,1
House #2063,12.93512,77.571095,1
House #2064,12.96242,77.575859,1
House #2065,12.972612,77.571316,1
House #2066,12.975758,77.57322,1
House #2067,12.990837,77.545323,1
House #2068,13.02148,77.575306,1
House #2069,13.007876,77.561672,1
House #2070,12.978547,77.57424,1
House #2071,12.954797,77.645552,1
House #2072,12.925876,77.596047,1
House #2073,12.984031,77.549801,1
House #2074,12.984165,77.593265,1
House #2075,12.986173,77.589613,1
House #2076,12.98135,77.57125,1
House #2077,12.979501,77.634754,1
House #2078,12.99125,77.654555,1
House #2079,12.925415,77.605098,1
House #2080,12.987178,77.587667,1
House #2081,12.938596,77.545298,1
House #2082,12.978967,77.57746,1
House #2083,12.981243,77.580194,1
House #2084,12.973711,77.568541,1
House #2085,13.004955,77.654943,1
House #2086,12.968835,77.572242,1
House #2087,13.007868,77.579891,1
House #2088,12.962787,77.575672,1
House #2089,12.961751,77.572109,1
House #2090,12.912109,77.562021,1
House #2091,12.961425,77.54363,1
House #2092,12.960679,77.581732,1
House #2093,12.96263,77.563667,1
House #2094,12.977374,77.587685,1
House #2095,12.981175,77.59641,1
House #2096,12.987125,77.652949,1
House #2097,12.966805,77.560065,1
House #2098,12.984225,77.648167,1
House #2099,12.967163,77.572008,1
House #2100,12.977058,77.638344,1
House #2101,13.002511,77.567133,1
House #2102,12.979523,77.540982,1
House #2103,13.002773,77.63341,1
House #2104,12.952995,77.603986,1
House #2105,12.941571,77.556016,1
House #2106,12.968515,77.641567,1
House #2107,12.959147,77.588922,1
House #2108,12.951604,77.575196,1
House #2109,12.973593,77.580766,1
House #2110,12.918356,77.600256,1
House #2111,12.970467,77.56469,1
House #2112,13.002382,77.572423,1
House #2113,12.926449,77.585974,1
House #2114,12.971717,77.570546,1
House #2115,12.927765,77.603424,1
House #2116,12.935368,77.572116,1
House #2117,12.946031,77.663013,1
House #2118,12.964792,77.560903,1
House #2119,12.991226,77.555466,1
House #2120,12.966901,77.587698,1
House #2121,12.985098,77.555334,1
House #2122,12.923524,77.599196,1
House #2123,12.973718,77.569374,1
House #2124,12.995146,77.635013,1
House #2125,12.963809,77.576142,1
House #2126,12.995349,77.593951,1
House #2127,12.961168,77.570617,1
House #2128,12.993669,77.599799,1
House #2129,12.97775,77.572197,1
House #2130,12.979859,77.59729,1
House #2131,12.985472,77.579972,1
House #2132,12.939212,77.609402,1
House #2133,12.977333,77.576928,1
House #2134,12.916803,77.576526,1
House #2135,12.944305,77.591851,1
House #2136,12.987331,77.562318,1
House #2137,12.97103,77.594583,1
House #2138,12.955588,77.640553,1
House #2139,12.937444,77.537856,1
House #2140,12.956152,77.643501,1
House #2141,12.952183,77.594563,1
House #2142,12.957372,77.648933,1
House #2143,12.940319,77.571857,1
House #2144,12.989741,77.646514,1
House #2145,12.981097,77.570936,1
House #2146,13.001821,77.603319,1
House #2147,12.949238,77.577661,1
House #2148,12.93016,77.582313,1
House #2149,12.983622,77.566393,1
House #2150,12.979972,77.623337,1
House #2151,13.007163,77.636974,1
House #2152,12.939292,77.614238,1
House #2153,12.986827,77.563432,1
House #2154,12.93169,77.568192,1
House #2155,12.963602,77.590027,1
House #2156,12.924178,77.606102,1
House #2157,12.979088,77.584277,1
House #2158,12.935537,77.599663,1
House #2159,12.973564,77.581519,1
House #2160,12.943452,77.587671,1
House #2161,13.004338,77.571012,1
House #2162,12.99088,77.659443,1
House #2163,12.914714,77.572411,1
House #2164,12.96285,77.608344,1
House #2165,13.000703,77.62734,1
House #2166,12.915033,77.543537,1
House #2167,12.97272,77.581467,1
House #2168,12.997392,77.556581,1
House #2169,12.972629,77.595575,1
House #2170,12.936302,77.598665,1
House #2171,12.941083,77.549187,1
House #2172,12.924865,77.565053,1
House #2173,12.938857,77.550107,1
House #2174,12.972632,77.563883,1
House #2175,13.027216,77.586792,1
House #2176,12.989483,77.585734,1
House #2177,12.974466,77.571543,1
House #2178,12.997554,77.568815,1
House #2179,12.999564,77.59472,1
House #2180,12.935184,77.592924,1
House #2181,12.972552,77.640934,1
House #2182,12.931978,77.591835,1
House #2183,12.926822,77.577566,1
House #2184,12.932367,77.601528,1
House #2185,12.93701,77.600044,1
House #2186,13.007534,77.570096,1
House #2187,12.931992,77.560099,1
House #2188,12.9686,77.640517,1
House #2189,12.981861,77.574324,1
House #2190,12.927027,77.593422,1
House #2191,12.982175,77.650425,1
House #2192,13.001036,77.579287,1
House #2193,12.994118,77.635021,1
House #2194,12.977501,77.580681,1
House #2195,12.970237,77.580624,1
House #2196,12.95761,77.620762,1
House #2197,12.992257,77.558707,1
House #2198,12.932971,77.558893,1
House #2199,12.994441,77.646315,1
House #2200,12.979019,77.603027,1
House #2201,13.007929,77.569987,1
House #2202,12.985173,77.544479,1
House #2203,12.946878,77.586849,1
House #2204,12.957556,77.563686,1
House #2205,12.955465,77.652831,1
House #2206,12.990327,77.565604,1
House #2207,12.980142,77.62936,1
House #2208,13.004209,77.582515,1
House #2209,12.989789,77.587738,1
House #2210,12.957817,77.608181,1
House #2211,12.988472,77.570336,1
House #2212,12.933879,77.58358,1
House #2213,12.966767,77.585294,1
House #2214,13.015958,77.607975,1
House #2215,12.973488,77.57256,1
House #2216,12.988167,77.541056,1
House #2217,12.989329,77.625392,1
House #2218,12.935802,77.605183,1
House #2219,12.973861,77.631444,1
House #2220,12.949064,77.560193,1
House #2221,12.981683,77.569998,1
House #2222,13.014312,77.546204,1
House #2223,13.005271,77.57444,1
House #2224,12.925913,77.57888,1
House #2225,12.970717,77.550824,1
House #2226,12.975224,77.630214,1
House #2227,12.91429,77.588327,1
House #2228,12.971979,77.573802,1
House #2229,13.010076,77.599895,1
House #2230,12.990786,77.628593,1
House #2231,12.976121,77.558867,1
House #2232,12.947057,77.569136,1
House #2233,12.990549,77.662233,1
House #2234,12.983137,77.583665,1
House #2235,12.939506,77.605897,1
House #2236,12.983132,77.588719,1
House #2237,12.958244,77.599449,1
House #2238,12.94415,77.539791,1
House #2239,12.919159,77.583481,1
House #2240,12.978654,77.636886,1
House #2241,12.985459,77.588514,1
House #2242,12.949659,77.606714,1
House #2243,12.979467,77.631165,1
House #2244,12.995119,77.577513,1
House #2245,12.941566,77.585878,1
House #2246,12.979739,77.558819,1
House #2247,13.0027,77.563294,1
House #2248,12.998622,77.615658,1
House #2249,12.979175,77.586982,1
House #2250,12.956495,77.55856,1
House #2251,12.952807,77.572816,1
House #2252,12.982907,77.573515,1
House #2253,12.946812,77.578958,1
House #2254,12.935769,77.62549,1
House #2255,12.929905,77.566769,1
House #2256,12.917364,77.575424,1
House #2257,12.985467,77.662693,1
House #2258,12.986256,77.576958,1
House #2259,12.910675,77.585135,1
House #2260,12.933554,77.560752,1
House #2261,12.972806,77.568831,1
House #2262,12.982698,77.557803,1
House #2263,12.967071,77.584725,1
House #2264,12.970483,77.579441,1
House #2265,12.996597,77.587389,1
House #2266,12.947041,77.556689,1
House #2267,12.970843,77.583301,1
House #2268,12.975141,77.599209,1
House #2269,12.963519,77.573361,1
House #2270,13.009438,77.560958,1
House #2271,12.99905,77.5591,1
House #2272,13.016842,77.568156,1
House #2273,12.917832,77.568161,1
House #2274,12.9395,77.591953,1
House #2275,12.969782,77.631721,1
House #2276,13.003663,77.597726,1
House #2277,13.000307,77.57178,1
House #2278,12.99243,77.572408,1
House #2279,12.942471,77.600225,1
House #2280,13.003189,77.572022,1
House #2281,12.921445,77.574757,1
House #2282,12.994096,77.669071,1
House #2283,12.934729,77.577951,1
House #2284,12.912896,77.572343,1
House #2285,12.918226,77.586777,1
House #2286,12.989076,77.584439,1
House #2287,12.990217,77.576675,1
House #2288,12.979021,77.588965,1
House #2289,12.966217,77.571599,1
House #2290,12.931144,77.591953,1
House #2291,13.014569,77.580538,1
House #2292,12.987858,77.574238,1
House #2293,12.965935,77.658897,1
House #2294,12.94968,77.567492,1
House #2295,12.986128,77.599956,1
House #2296,13.006866,77.55964,1
House #2297,12.962575,77.568121,1
House #2298,12.991197,77.605457,1
House #2299,12.986045,77.589407,1
House #2300,12.981976,77.569093,1
House #2301,12.968617,77.572079,1
House #2302,12.986968,77.581434,1
House #2303,12.994437,77.5635,1
House #2304,12.987608,77.593512,1
House #2305,12.97713,77.574339,1
House #2306,12.970109,77.640378,1
House #2307,12.954046,77.566583,1
House #2308,12.931981,77.579002,1
House #2309,12.994267,77.568315,1
House #2310,12.973723,77.565797,1
House #2311,12.966476,77.57261,1
House #2312,12.975878,77.594973,1
House #2313,13.000723,77.655864,1
House #2314,12.982481,77.565589,1
House #2315,12.94038,77.605855,1
House #2316,12.978274,77.661056,1
House #2317,12.962658,77.556563,1
House #2318,12.995261,77.567354,1
House #2319,12.919652,77.599123,1
House #2320,12.948476,77.579143,1
House #2321,13.009936,77.545397,1
House #2322,12.996408,77.62046,1
House #2323,12.98918,77.640104,1
House #2324,12.967143,77.58588,1
House #2325,13.003401,77.590728,1
House #2326,13.006675,77.647981,1
House #2327,12.958926,77.595538,1
House #2328,13.004885,77.581078,1
House #2329,12.919035,77.558222,1
House #2330,12.998463,77.606015,1
House #2331,13.009239,77.559432,1
House #2332,12.966549,77.562188,1
House #2333,12.974899,77.638337,1
House #2334,12.960137,77.564059,1
House #2335,12.98828,77.582937,1
House #2336,12.980632,77.572706,1
House #2337,12.934348,77.579337,1
House #2338,12.971555,77.595733,1
House #2339,12.944101,77.572477,1
House #2340,12.976885,77.553556,1
House #2341,12.94192,77.577357,1
House #2342,12.932903,77.574145,1
House #2343,12.968826,77.55435,1
House #2344,12.941798,77.573139,1
House #2345,12.934315,77.574707,1
House #2346,12.951668,77.568837,1
House #2347,12.9237,77.57276,1
House #2348,12.969198,77.584531,1
House #2349,12.980095,77.588603,1
House #2350,12.98,77.573377,1
House #2351,12.956701,77.588941,1
House #2352,13.022673,77.567628,1
House #2353,12.962519,77.599515,1
House #2354,12.986556,77.551053,1
House #2355,12.970769,77.636244,1
House #2356,13.009575,77.537927,1
House #2357,12.915752,77.601891,1
House #2358,12.979327,77.630797,1
House #2359,12.975333,77.573016,1
House #2360,12.971663,77.598671,1
House #2361,12.916521,77.585028,1
House #2362,12.946232,77.602386,1
House #2363,13.005339,77.585328,1
House #2364,12.933599,77.596341,1
House #2365,12.987407,77.640954,1
House #2366,12.945724,77.580458,1
House #2367,13.00007,77.648114,1
House #2368,12.966442,77.661235,1
House #2369,13.00073,77.570889,1
House #2370,12.965934,77.567136,1
House #2371,13.011965,77.568604,1
House #2372,13.002999,77.619123,1
House #2373,12.950978,77.554032,1
House #2374,12.951079,77.57034,1
House #2375,12.943766,77.59207,1
House #2376,12.97776,77.656723,1
House #2377,12.959786,77.671265,1
House #2378,12.971344,77.548691,1
House #2379,12.940706,77.596394,1
House #2380,12.970173,77.56702,1
House #2381,13.000776,77.637336,1
House #2382,12.976905,77.596265,1
House #2383,12.967814,77.572301,1
House #2384,12.982079,77.58282,1
House #2385,12.961836,77.639007,1
House #2386,12.99962,77.591716,1
House #2387,12.979937,77.622521,1
House #2388,12.99437,77.582998,1
House #2389,12.956992,77.581263,1
House #2390,12.962658,77.563805,1
House #2391,12.967972,77.571161,1
House #2392,12.997581,77.588544,1
House #2393,12.91696,77.578369,1
House #2394,13.032625,77.577449,1
House #2395,12.989487,77.580827,1
House #2396,12.947717,77.576725,1
House #2397,13.015461,77.565275,1
House #2398,13.003968,77.598283,1
House #2399,13.014936,77.582335,1
House #2400,12.971949,77.573228,1
House #2401,12.972604,77.573714,1
House #2402,12.946008,77.58705,1
House #2403,12.984276,77.564424,1
House #2404,12.925676,77.584034,1
House #2405,12.928795,77.597808,1
House #2406,12.968846,77.573504,1
House #2407,12.911587,77.591446,1
House #2408,12.912908,77.583056,1
House #2409,12.962394,77.547603,1
House #2410,12.984072,77.609112,1
House #2411,13.015286,77.58686,1
House #2412,12.936839,77.584811,1
House #2413,12.951147,77.580237,1
House #2414,12.947963,77.564974,1
House #2415,12.969659,77.561204,1
House #2416,12.950305,77.608069,1
House #2417,12.970852,77.616971,1
House #2418,12.95251,77.640664,1
House #2419,12.991863,77.651865,1
House #2420,12.949705,77.557571,1
House #2421,12.979563,77.565067,1
House #2422,12.989815,77.583554,1
House #2423,12.968621,77.573668,1
House #2424,13.00067,77.646725,1
House #2425,12.979628,77.57837,1
House #2426,12.979428,77.645201,1
House #2427,13.004632,77.620358,1
House #2428,12.98182,77.568958,1
House #2429,12.981769,77.650204,1
House #2430,12.982598,77.59068,1
House #2431,13.001695,77.569006,1
House #2432,12.967237,77.634751,1
House #2433,12.977878,77.571927,1
House #2434,13.017447,77.576885,1
House #2435,12.975631,77.660962,1
House #2436,12.92778,77.58752,1
House #2437,12.940302,77.609497,1
House #2438,12.920601,77.583381,1
House #2439,13.006535,77.57203,1
House #2440,12.953838,77.564537,1
House #2441,12.985379,77.579914,1
House #2442,13.007338,77.569593,1
House #2443,12.955657,77.575283,1
House #2444,12.997124,77.554189,1
House #2445,12.92099,77.546768,1
House #2446,12.971935,77.64548,1
House #2447,12.990482,77.534296,1
House #2448,12.954906,77.570566,1
House #2449,12.957185,77.577886,1
House #2450,12.942872,77.57637,1
House #2451,12.996315,77.577736,1
House #2452,12.992754,77.543227,1
House #2453,12.913061,77.6323,1
House #2454,12.985422,77.562061,1
House #2455,13.016745,77.565626,1
House #2456,12.965699,77.600079,1
House #2457,12.989278,77.638222,1
House #2458,12.922978,77.553024,1
House #2459,13.013302,77.557067,1
House #2460,12.984029,77.625692,1
House #2461,13.007472,77.592419,1
House #2462,12.968107,77.586426,1
House #2463,12.927587,77.596871,1
House #2464,12.97539,77.637004,1
House #2465,12.961316,77.575165,1
House #2466,12.970661,77.581206,1
House #2467,12.98535,77.632578,1
House #2468,13.033913,77.552718,1
House #2469,12.9659,77.571065,1
House #2470,12.981504,77.659824,1
House #2471,12.988966,77.621853,1
House #2472,12.971413,77.566251,1
House #2473,12.975139,77.619308,1
House #2474,12.947931,77.594496,1
House #2475,13.014955,77.571291,1
House #2476,12.957874,77.573133,1
House #2477,12.992778,77.589983,1
House #2478,12.955686,77.582362,1
House #2479,12.994475,77.593866,1
House #2480,12.981356,77.592346,1
House #2481,12.973682,77.62583,1
House #2482,12.952611,77.615754,1
House #2483,12.995307,77.570991,1
House #2484,13.006109,77.570443,1
House #2485,12.991227,77.65243,1
House #2486,12.994621,77.561037,1
House #2487,13.000821,77.603373,1
House #2488,12.980942,77.564821,1
House #2489,12.994319,77.574153,1
House #2490,12.966891,77.560354,1
House #2491,12.96291,77.588957,1
House #2492,12.970727,77.590991,1
House #2493,13.020373,77.560077,1
House #2494,13.014917,77.606103,1
House #2495,13.023592,77.558773,1
House #2496,13.01192,77.622512,1
House #2497,12.974095,77.553144,1
House #2498,12.956633,77.568905,1
House #2499,12.980258,77.560097,1
House #2500,12.994132,77.545431,1
House #2501,12.996867,77.610701,1
House #2502,12.968486,77.556967,1
House #2503,12.969962,77.57581,1
House #2504,12.988158,77.624645,1
House #2505,12.934815,77.557936,1
House #2506,12.966975,77.559588,1
House #2507,12.994908,77.617608,1
House #2508,13.00112,77.57192,1
House #2509,12.987802,77.574748,1
House #2510,13.025928,77.572687,1
House #2511,12.986731,77.641198,1
House #2512,12.975683,77.65643,1
House #2513,12.913254,77.569792,1
House #2514,12.9736,77.613809,1
House #2515,13.025637,77.579471,1
House #2516,12.911806,77.54275,1
House #2517,12.910248,77.591897,1
House #2518,13.022663,77.550513,1
House #2519,12.964296,77.573556,1
House #2520,12.999649,77.647721,1
House #2521,12.979468,77.633967,1
House #2522,13.0058,77.585058,1
House #2523,13.005435,77.59061,1
House #2524,12.962559,77.571624,1
House #2525,12.92279,77.577227,1
House #2526,13.027,77.563557,1
House #2527,12.989056,77.599509,1
House #2528,12.960353,77.579876,1
House #2529,12.962159,77.652811,1
House #2530,12.983485,77.572586,1
House #2531,12.973119,77.572718,1
House #2532,12.944985,77.563235,1
House #2533,13.026942,77.570784,1
House #2534,12.950122,77.589527,1
House #2535,12.976147,77.554221,1
House #2536,13.00156,77.554357,1
House #2537,12.993904,77.571109,1
House #2538,12.989655,77.576188,1
House #2539,12.912787,77.56345,1
House #2540,12.941805,77.563967,1
House #2541,12.941792,77.579101,1
House #2542,12.955649,77.580821,1
House #2543,12.965591,77.648574,1
House #2544,12.954362,77.561884,1
House #2545,12.976259,77.654792,1
House #2546,12.932832,77.559304,1
House #2547,12.957383,77.625204,1
House #2548,12.989089,77.598571,1
House #2549,12.993145,77.62952,1
House #2550,12.991823,77.541177,1
House #2551,12.976181,77.577324,1
House #2552,13.010824,77.583785,1
House #2553,12.982815,77.562488,1
House #2554,12.939435,77.604394,1
House #2555,13.027283,77.539712,1
House #2556,12.97344,77.573106,1
House #2557,12.980041,77.561582,1
House #2558,12.993854,77.536128,1
House #2559,12.956653,77.597543,1
House #2560,12.973208,77.566835,1
House #2561,12.963606,77.630966,1
House #2562,12.986378,77.577849,1
House #2563,12.969693,77.563165,1
House #2564,13.011458,77.584611,1
House #2565,12.985526,77.542134,1
House #2566,12.955302,77.564029,1
House #2567,12.988042,77.555495,1
House #2568,13.000941,77.561881,1
House #2569,12.989545,77.56346,1
House #2570,12.962276,77.567261,1
House #2571,12.963468,77.597711,1
House #2572,12.979644,77.557907,1
House #2573,12.979348,77.639504,1
House #2574,12.986957,77.547167,1
House #2575,13.024821,77.58053,1
House #2576,12.915061,77.567348,1
House #2577,13.010223,77.589309,1
House #2578,12.965812,77.563512,1
House #2579,12.934488,77.567993,1
House #2580,12.974363,77.571054,1
House #2581,12.963272,77.550908,1
House #2582,12.939199,77.619229,1
House #2583,12.943126,77.574855,1
House #2584,12.980053,77.579878,1
House #2585,12.959403,77.59289,1
House #2586,12.974182,77.574458,1
House #2587,12.960859,77.575137,1
House #2588,12.970279,77.642496,1
House #2589,12.937436,77.570367,1
House #2590,12.97992,77.560979,1
House #2591,12.943748,77.584922,1
House #2592,12.996809,77.642766,1
House #2593,12.958696,77.664387,1
House #2594,12.965688,77.582884,1
House #2595,12.95366,77.560083,1
House #2596,13.010303,77.556054,1
House #2597,12.968585,77.642822,1
House #2598,13.000546,77.573354,1
House #2599,13.016878,77.569484,1
House #2600,12.973075,77.595119,1
House #2601,13.001877,77.581888,1
House #2602,12.950938,77.566121,1
House #2603,12.955521,77.592103,1
House #2604,12.982967,77.600175,1
House #2605,12.971465,77.643915,1
House #2606,13.013292,77.574528,1
House #2607,12.999288,77.641216,1
House #2608,12.982502,77.552596,1
House #2609,12.941339,77.568064,1
House #2610,12.922455,77.584122,1
House #2611,12.986242,77.581363,1
House #2612,12.989626,77.549319,1
House #2613,12.954862,77.574218,1
House #2614,12.940277,77.61469,1
House #2615,12.986748,77.648831,1
House #2616,12.949049,77.609145,1
House #2617,12.972871,77.639175,1
House #2618,12.998917,77.570032,1
House #2619,12.978855,77.589515,1
House #2620,12.959874,77.575611,1
House #2621,12.959456,77.651304,1
House #2622,12.993702,77.681915,1
House #2623,12.968047,77.58954,1
House #2624,12.917438,77.56728,1
House #2625,12.99658,77.568137,1
House #2626,12.97773,77.675478,1
House #2627,12.920673,77.574692,1
House #2628,12.964578,77.650915,1
House #2629,12.970096,77.562407,1
House #2630,12.981589,77.585272,1
House #2631,12.933735,77.596147,1
House #2632,13.001705,77.552135,1
House #2633,12.977763,77.587238,1
House #2634,12.977958,77.551463,1
House #2635,12.955585,77.564448,1
House #2636,12.976296,77.563232,1
House #2637,12.996363,77.566457,1
House #2638,12.925887,77.602284,1
House #2639,13.013286,77.581447,1
House #2640,12.966807,77.562122,1
House #2641,12.92576,77.559541,1
House #2642,12.961996,77.629029,1
House #2643,12.946438,77.569719,1
House #2644,13.007562,77.583558,1
House #2645,12.952931,77.562366,1
House #2646,12.988489,77.589751,1
House #2647,12.992735,77.576565,1
House #2648,12.95905,77.585807,1
House #2649,12.965598,77.637837,1
House #2650,12.960298,77.57687,1
House #2651,12.991968,77.644246,1
House #2652,12.9238,77.584905,1
House #2653,12.998305,77.652217,1
House #2654,12.920687,77.576477,1
House #2655,12.977933,77.588654,1
House #2656,12.997438,77.561005,1
House #2657,12.929261,77.575651,1
House #2658,12.934306,77.596576,1
House #2659,12.987224,77.63174,1
House #2660,12.99014,77.567774,1
House #2661,12.958704,77.565843,1
House #2662,12.976205,77.645692,1
House #2663,13.006086,77.567581,1
House #2664,12.963205,77.660207,1
House #2665,12.981045,77.638326,1
House #2666,12.980509,77.560703,1
House #2667,12.979792,77.574583,1
House #2668,12.915993,77.565595,1
House #2669,12.920122,77.583734,1
House #2670,13.002085,77.642848,1
House #2671,12.923296,77.590569,1
House #2672,12.969864,77.580302,1
House #2673,12.962981,77.60159,1
House #2674,12.96911,77.573695,1
House #2675,12.985628,77.584262,1
House #2676,12.991715,77.553868,1
House #2677,12.990308,77.589881,1
House #2678,12.961285,77.564912,1
House #2679,12.980637,77.572056,1
House #2680,12.97746,77.561027,1
House #2681,12.954883,77.578496,1
House #2682,12.991647,77.548918,1
House #2683,12.957391,77.588566,1
House #2684,13.00097,77.56878,1
House #2685,12.958621,77.623466,1
House #2686,13.006118,77.62769,1
House #2687,13.033976,77.568009,1
House #2688,13.005575,77.618671,1
House #2689,12.92876,77.544779,1
House #2690,12.971805,77.588975,1
House #2691,12.929573,77.590159,1
House #2692,12.999572,77.573629,1
House #2693,13.007434,77.593871,1
House #2694,12.963739,77.593315,1
House #2695,12.995971,77.580143,1
House #2696,12.983022,77.595159,1
House #2697,12.936497,77.577876,1
House #2698,12.971302,77.575765,1
House #2699,12.955047,77.546678,1
House #2700,12.99444,77.577693,1
House #2701,12.931967,77.594302,1
House #2702,12.994734,77.656243,1
House #2703,13.016584,77.582133,1
House #2704,12.975092,77.634261,1
House #2705,13.014431,77.576454,1
House #2706,12.958755,77.650368,1
House #2707,13.000058,77.573638,1
House #2708,12.948341,77.569689,1
House #2709,12.924214,77.583458,1
House #2710,12.917603,77.572998,1
House #2711,12.982402,77.592646,1
House #2712,12.917968,77.606302,1
House #2713,12.985083,77.562508,1
House #2714,12.958987,77.657943,1
House #2715,12.952273,77.57488,1
House #2716,12.984899,77.576225,1
House #2717,12.951617,77.609977,1
House #2718,12.963843,77.584061,1
House #2719,12.928913,77.556538,1
House #2720,12.989929,77.557239,1
House #2721,12.989057,77.581692,1
House #2722,12.968763,77.578996,1
House #2723,13.025141,77.581359,1
House #2724,12.983731,77.573136,1
House #2725,12.968463,77.587899,1
House #2726,12.9862,77.582552,1
House #2727,12.961614,77.639042,1
House #2728,12.959348,77.562616,1
House #2729,13.013088,77.548403,1
House #2730,12.956061,77.574868,1
House #2731,12.961292,77.584425,1
House #2732,12.950909,77.553877,1
House #2733,12.975384,77.572892,1
House #2734,12.96941,77.530052,1
House #2735,12.937873,77.585397,1
House #2736,13.007269,77.565595,1
House #2737,12.991305,77.585442,1
House #2738,12.988932,77.627368,1
House #2739,12.946569,77.603016,1
House #2740,12.988522,77.572098,1
House #2741,12.989778,77.649529,1
House #2742,12.986647,77.589235,1
House #2743,12.996163,77.602796,1
House #2744,12.979846,77.562812,1
House #2745,12.975242,77.567793,1
House #2746,12.988325,77.58742,1
House #2747,12.989131,77.634222,1
House #2748,12.962371,77.649787,1
House #2749,12.983372,77.631932,1
House #2750,13.007361,77.567572,1
House #2751,12.979382,77.58954,1
House #2752,13.020853,77.557196,1
House #2753,12.980553,77.550638,1
House #2754,12.980733,77.563232,1
House #2755,12.959012,77.559231,1
House #2756,12.929285,77.58904,1
House #2757,12.986048,77.575468,1
House #2758,12.969518,77.631758,1
House #2759,12.95288,77.57847,1
House #2760,13.011013,77.565315,1
House #2761,12.967493,77.574103,1
House #2762,12.971118,77.537235,1
House #2763,12.974314,77.62994,1
House #2764,12.979221,77.568113,1
House #2765,12.994283,77.584668,1
House #2766,12.977457,77.658727,1
House #2767,12.996996,77.563233,1
House #2768,12.968241,77.582929,1
House #2769,12.996613,77.552409,1
House #2770,12.916051,77.597995,1
House #2771,12.999523,77.559238,1
House #2772,12.98039,77.554282,1
House #2773,12.972738,77.633122,1
House #2774,12.989721,77.594325,1
House #2775,12.996655,77.567021,1
House #2776,12.976688,77.583141,1
House #2777,13.01157,77.559575,1
House #2778,13.000454,77.571609,1
House #2779,12.982027,77.650389,1
House #2780,12.921118,77.56817,1
House #2781,12.97268,77.534813,1
House #2782,12.932021,77.606133,1
House #2783,12.983136,77.581174,1
House #2784,12.927454,77.597427,1
House #2785,12.991107,77.563199,1
House #2786,12.953552,77.551602,1
House #2787,12.952704,77.585517,1
House #2788,12.942686,77.591784,1
House #2789,12.958792,77.592546,1
House #2790,12.934156,77.581793,1
House #2791,12.971643,77.56836,1
House #2792,12.956973,77.550984,1
House #2793,12.971001,77.582434,1
House #2794,12.983584,77.600262,1
House #2795,12.979919,77.558714,1
House #2796,13.014295,77.567333,1
House #2797,12.993044,77.625449,1
House #2798,12.952225,77.568328,1
House #2799,12.97689,77.578908,1
House #2800,12.98048,77.656175,1
House #2801,13.01673,77.581278,1
House #2802,12.992517,77.563087,1
House #2803,12.970993,77.569749,1
House #2804,12.992164,77.555723,1
House #2805,12.973411,77.557577,1
House #2806,12.98209,77.58785,1
House #2807,12.977667,77.632478,1
House #2808,12.955221,77.560552,1
House #2809,12.963671,77.572127,1
House #2810,12.945981,77.608206,1
House #2811,12.955012,77.616391,1
House #2812,13.00159,77.575239,1
House #2813,12.991001,77.583284,1
House #2814,12.969074,77.635213,1
House #2815,12.976929,77.54802,1
House #2816,12.986852,77.659153,1
House #2817,12.968099,77.581079,1
House #2818,12.986628,77.587376,1
House #2819,12.977949,77.57986,1
House #2820,12.997688,77.57329,1
House #2821,12.991829,77.572195,1
House #2822,12.977386,77.569892,1
House #2823,12.976008,77.571436,1
House #2824,12.973817,77.60601,1
House #2825,13.00533,77.551524,1
House #2826,12.984126,77.56002,1
House #2827,13.005034,77.628931,1
House #2828,12.950869,77.591642,1
House #2829,12.978949,77.635089,1
House #2830,12.930164,77.555516,1
House #2831,12.994429,77.649772,1
House #2832,12.967303,77.601737,1
House #2833,12.967446,77.579881,1
House #2834,12.974558,77.570022,1
House #2835,12.965053,77.566068,1
House #2836,12.982678,77.625739,1
House #2837,12.988784,77.585559,1
House #2838,12.99006,77.579549,1
House #2839,12.971043,77.648471,1
House #2840,12.979531,77.671948,1
House #2841,12.986167,77.59093,1
House #2842,12.984265,77.624883,1
House #2843,12.975925,77.566187,1
House #2844,12.963824,77.589727,1
House #2845,13.012977,77.577178,1
House #2846,12.997688,77.575284,1
House #2847,12.981114,77.579514,1
House #2848,12.972996,77.585935,1
House #2849,12.985556,77.654293,1
House #2850,12.961969,77.617054,1
House #2851,13.014321,77.575095,1
House #2852,13.022567,77.58134,1
House #2853,12.927241,77.577092,1
House #2854,12.962479,77.574816,1
House #2855,12.988609,77.540798,1
House #2856,12.971376,77.585039,1
House #2857,12.964925,77.539651,1
House #2858,12.931618,77.552648,1
House #2859,12.964105,77.567895,1
House #2860,12.924356,77.561982,1
House #2861,12.981579,77.578405,1
House #2862,12.971573,77.646116,1
House #2863,12.971998,77.588342,1
House #2864,12.987345,77.567235,1
House #2865,12.974981,77.570518,1
House #2866,12.911855,77.633194,1
House #2867,12.930803,77.563315,1
House #2868,13.002656,77.552529,1
House #2869,12.98148,77.62387,1
House #2870,12.970399,77.633303,1
House #2871,13.009106,77.590658,1
House #2872,12.974869,77.600946,1
House #2873,12.994672,77.582284,1
House #2874,12.979137,77.595634,1
House #2875,12.962808,77.585516,1
House #2876,12.954902,77.557827,1
House #2877,12.942604,77.586462,1
House #2878,13.007649,77.566814,1
House #2879,12.978518,77.592623,1
House #2880,12.973973,77.571176,1
House #2881,12.937924,77.626712,1
House #2882,12.989804,77.596853,1
House #2883,12.941224,77.593288,1
House #2884,13.0131,77.573059,1
House #2885,12.934859,77.561519,1
House #2886,12.983261,77.621861,1
House #2887,12.936247,77.575642,1
House #2888,13.00487,77.5826,1
House #2889,12.937273,77.551368,1
House #2890,12.995885,77.597772,1
House #2891,12.951198,77.596656,1
House #2892,13.02828,77.585065,1
House #2893,12.97614,77.612797,1
House #2894,12.969324,77.603048,1
House #2895,12.976336,77.562929,1
House #2896,12.994573,77.583263,1
House #2897,12.952041,77.574314,1
House #2898,12.977612,77.658324,1
House #2899,12.971626,77.594719,1
House #2900,13.023073,77.552131,1
House #2901,13.011741,77.542605,1
House #2902,12.968414,77.585201,1
House #2903,12.977416,77.655546,1
House #2904,13.022462,77.562274,1
House #2905,13.008329,77.583481,1
House #2906,13.017143,77.567352,1
House #2907,12.984961,77.555403,1
House #2908,12.942639,77.589324,1
House #2909,12.988208,77.665013,1
House #2910,12.936989,77.591443,1
House #2911,12.969996,77.582774,1
House #2912,13.006627,77.567152,1
House #2913,12.976777,77.551043,1
House #2914,12.973002,77.632703,1
House #2915,12.972521,77.57815,1
House #2916,12.956071,77.640124,1
House #2917,12.981504,77.560054,1
House #2918,12.99506,77.582397,1
House #2919,12.956781,77.605145,1
House #2920,12.936459,77.592213,1
House #2921,12.911746,77.605107,1
House #2922,12.916609,77.560225,1
House #2923,12.988996,77.577446,1
House #2924,13.020575,77.567452,1
House #2925,12.987428,77.613579,1
House #2926,12.986803,77.578187,1
House #2927,12.961199,77.581996,1
House #2928,12.986615,77.56498,1
House #2929,12.968871,77.577733,1
House #2930,13.005037,77.647468,1
House #2931,12.910289,77.576314,1
House #2932,13.002629,77.553906,1
House #2933,12.985919,77.593079,1
House #2934,13.002702,77.577287,1
House #2935,12.957413,77.587801,1
House #2936,12.974398,77.550771,1
House #2937,12.949291,77.550856,1
House #2938,13.018848,77.566069,1
House #2939,12.942708,77.573738,1
House #2940,12.972522,77.551903,1
House #2941,12.995635,77.563992,1
House #2942,12.989643,77.578808,1
House #2943,12.941769,77.564247,1
House #2944,12.966787,77.565498,1
House #2945,12.942046,77.579245,1
House #2946,12.985413,77.561111,1
House #2947,12.977649,77.577782,1
House #2948,12.930445,77.56912,1
House #2949,12.964517,77.56664,1
House #2950,12.966022,77.599704,1
House #2951,12.988487,77.589478,1
House #2952,13.007526,77.575336,1
House #2953,12.971102,77.576625,1
House #2954,12.965309,77.5679,1
House #2955,12.963548,77.642621,1
House #2956,13.005102,77.552204,1
House #2957,12.92129,77.589781,1
House #2958,12.999571,77.580047,1
House #2959,12.99158,77.586328,1
House #2960,13.012068,77.565395,1
House #2961,12.986304,77.601458,1
House #2962,12.91226,77.584483,1
House #2963,12.916754,77.569339,1
House #2964,12.94296,77.58953,1
House #2965,12.983841,77.568925,1
House #2966,12.993951,77.584067,1
House #2967,12.926133,77.565502,1
House #2968,13.01237,77.644738,1
House #2969,12.980508,77.570579,1
House #2970,12.997421,77.557693,1
House #2971,12.993634,77.549796,1
House #2972,12.919768,77.569473,1
House #2973,12.962167,77.568313,1
House #2974,12.964987,77.589667,1
House #2975,12.971068,77.560414,1
House #2976,12.973621,77.650406,1
House #2977,12.974543,77.567063,1
House #2978,12.976591,77.573088,1
House #2979,12.965232,77.586953,1
House #2980,12.973457,77.643203,1
House #2981,12.912325,77.567182,1
House #2982,12.97507,77.635688,1
House #2983,13.012721,77.609353,1
House #2984,12.933868,77.582,1
House #2985,12.984756,77.573657,1
House #2986,12.935441,77.579672,1
House #2987,12.973606,77.592978,1
House #2988,12.992178,77.57579,1
House #2989,12.929101,77.577369,1
House #2990,12.961572,77.567733,1
House #2991,12.956634,77.615732,1
House #2992,12.982623,77.583985,1
House #2993,12.996992,77.577215,1
House #2994,12.951866,77.587608,1
House #2995,12.987115,77.561643,1
House #2996,12.993945,77.577309,1
House #2997,12.958024,77.575636,1
House #2998,13.00099,77.58653,1
House #2999,12.970401,77.645742,1
House #3000,12.925138,77.576441,1
